random_32,lru_32,random_64,lru_64,random_128,lru_128,random_256,lru_256,random_512,lru_512,random_1024,lru_1024,random_2048,lru_2048,random_4096,lru_4096,random_8192,lru_8192,total_accesses
0.088248,78656,0.077813,78656,0.035646,78656,0.000000,0,0.000000,0,0.000000,0,0.000000,0,0.000000,0,0.000000,0,954112
0.088370,78752,0.077935,78752,0.035829,78752,0.000000,0,0.000000,0,0.000000,0,0.000000,0,0.000000,0,0.000000,0,954304
0.086356,76976,0.075616,76976,0.032595,76976,0.000000,0,0.000000,0,0.000000,0,0.000000,0,0.000000,0,0.000000,0,954112
0.087882,78304,0.077325,78304,0.035036,78304,0.000000,0,0.000000,0,0.000000,0,0.000000,0,0.000000,0,0.000000,0,954288
0.090628,80736,0.080559,80736,0.042175,80736,0.004463,1536,0.001900,1536,0.000253,464,0.000000,0,0.000000,0,0.000000,0,954928
0.049071,44672,0.036988,44672,0.001168,80,0.000000,0,0.000000,0,0.000000,0,0.000000,0,0.000000,0,0.000000,0,984320
0.050047,45568,0.038331,45568,0.000375,16,0.000000,0,0.000000,0,0.000000,0,0.000000,0,0.000000,0,0.000000,0,987008
0.049986,45472,0.038209,45472,0.000000,0,0.000000,0,0.000000,0,0.000000,0,0.000000,0,0.000000,0,0.000000,0,986208
0.049803,45392,0.038026,45392,0.000000,0,0.000000,0,0.000000,0,0.000000,0,0.000000,0,0.000000,0,0.000000,0,988016
0.051390,46736,0.039917,46736,0.000863,16,0.000000,0,0.000000,0,0.000000,0,0.000000,0,0.000000,0,0.000000,0,987360
0.051146,46560,0.039673,46560,0.000741,16,0.000000,0,0.000000,0,0.000000,0,0.000000,0,0.000000,0,0.000000,0,987056
0.049925,45536,0.038148,45536,0.000000,0,0.000000,0,0.000000,0,0.000000,0,0.000000,0,0.000000,0,0.000000,0,987984
0.050413,45968,0.039368,45968,0.011542,1904,0.003548,1904,0.002205,1904,0.000741,368,0.000000,0,0.000000,0,0.000000,0,989696
0.048522,44816,0.036561,44816,0.000000,0,0.000000,0,0.000000,0,0.000000,0,0.000000,0,0.000000,0,0.000000,0,997600
0.049864,46000,0.038209,46000,0.000000,0,0.000000,0,0.000000,0,0.000000,0,0.000000,0,0.000000,0,0.000000,0,998576
0.051085,47104,0.039734,47104,0.000000,0,0.000000,0,0.000000,0,0.000000,0,0.000000,0,0.000000,0,0.000000,0,998640
0.051268,47248,0.039978,47248,0.000000,0,0.000000,0,0.000000,0,0.000000,0,0.000000,0,0.000000,0,0.000000,0,998336
0.050108,46176,0.038514,46176,0.000000,0,0.000000,0,0.000000,0,0.000000,0,0.000000,0,0.000000,0,0.000000,0,997824
0.052000,47856,0.040772,47856,0.000558,47456,0.000000,0,0.000000,0,0.000000,0,0.000000,0,0.000000,0,0.000000,0,998448
0.049254,45488,0.037538,45488,0.003243,256,0.000000,0,0.000000,0,0.000000,0,0.000000,0,0.000000,0,0.000000,0,998720
0.076043,67696,0.067073,67696,0.045959,67680,0.027347,15264,0.020512,15264,0.017949,15264,0.016851,15264,0.016180,15264,0.015447,14336,960160
0.093984,82096,0.085746,82096,0.064449,82096,0.041077,22352,0.030947,22352,0.027042,22352,0.025394,22352,0.024601,22352,0.024174,22352,937376
0.092580,80704,0.084159,80704,0.062496,80704,0.039307,21296,0.029544,21296,0.025821,21296,0.024235,21296,0.023441,21296,0.023075,21296,935776
0.095143,83056,0.086966,83056,0.065669,83056,0.041748,22528,0.031313,22528,0.027347,22528,0.025577,22528,0.024784,22528,0.024418,22528,936960
0.093496,81632,0.085197,81632,0.064022,81632,0.040955,22400,0.030947,22400,0.027042,22400,0.025394,22400,0.024601,22400,0.024235,22400,937760
0.091543,79696,0.082939,79696,0.061153,79696,0.038453,20928,0.028933,20928,0.025333,20928,0.023746,20928,0.023014,20928,0.022648,20864,935648
0.094472,82656,0.086356,82656,0.066096,82656,0.043396,24144,0.033083,24144,0.028994,24144,0.027225,24144,0.026248,24144,0.025577,24144,942832
0.094899,82912,0.086478,82912,0.064876,82912,0.040406,21488,0.029910,21488,0.025943,21488,0.024296,21488,0.023502,21488,0.023014,21488,944256
0.091909,80304,0.083488,80304,0.062618,80304,0.040223,22288,0.030520,22288,0.026737,22288,0.025089,22288,0.024357,22288,0.023929,22288,943776
0.092885,81184,0.084403,81184,0.062984,81184,0.039612,21520,0.029666,21520,0.025882,21520,0.024235,21520,0.023502,21520,0.023075,21520,944608
0.091543,79936,0.082939,79936,0.061581,79936,0.038880,21328,0.029299,21328,0.025577,21328,0.023990,21328,0.023258,21328,0.022892,21328,944640
0.092153,80448,0.083671,80448,0.062618,80448,0.039978,22000,0.030215,22000,0.026431,22000,0.024784,22000,0.023990,22000,0.023563,21904,943856
0.083793,74080,0.074273,74080,0.048644,74080,0.025577,13120,0.018254,13120,0.015752,13120,0.014593,13120,0.013861,13120,0.012945,11936,949648
0.080620,71824,0.069636,71824,0.032534,71824,0.007331,3088,0.004524,3088,0.003792,3088,0.003426,3088,0.002571,3088,0.000000,0,952208
0.076897,68432,0.065303,68432,0.027896,68432,0.006660,2960,0.004280,2960,0.003609,2960,0.003243,2960,0.002388,2960,0.000000,0,950752
0.078850,70144,0.067561,70144,0.029055,70144,0.005806,2464,0.003609,2464,0.002999,2416,0.002632,2416,0.001595,2416,0.000000,0,950048
0.078301,69712,0.066951,69712,0.029483,69712,0.006782,2944,0.004280,2944,0.003548,2896,0.003182,2896,0.002327,2896,0.000000,0,951168
0.080254,71456,0.069270,71456,0.031801,71456,0.006904,2928,0.004280,2928,0.003548,2896,0.003121,2784,0.002205,2784,0.000000,0,951472
0.080437,71664,0.069636,71664,0.035402,71664,0.010932,4896,0.007026,4896,0.005623,4880,0.004646,3456,0.003487,3312,0.000314,3024,952464
0.079277,70752,0.067927,70752,0.030032,70752,0.006721,2928,0.004219,2928,0.003487,2784,0.003060,2784,0.002144,2784,0.000000,0,953136
0.079155,70688,0.067744,70688,0.029361,70688,0.006233,2704,0.003914,2704,0.003304,2688,0.002938,2688,0.002022,2688,0.000000,0,953696
0.080254,71568,0.069025,71568,0.030886,71568,0.006538,2800,0.004036,2800,0.003304,2672,0.002938,2672,0.002022,2672,0.000000,0,952656
0.080986,72272,0.069758,72272,0.031191,72272,0.006172,2592,0.003792,2592,0.003121,2496,0.002754,2496,0.001717,2496,0.000000,0,954240
0.078789,70336,0.067317,70336,0.029238,70336,0.006477,2832,0.004097,2832,0.003426,2768,0.002999,2736,0.002083,2736,0.000000,0,953200
0.067683,60768,0.055967,60768,0.024052,19408,0.008002,3968,0.005440,3968,0.004341,3952,0.003487,2656,0.002205,2512,0.000000,0,962384
0.055783,50400,0.045471,50400,0.015813,50400,0.004097,2032,0.002754,1968,0.002266,1936,0.001900,1936,0.000619,1936,0.000000,0,980080
0.054258,49040,0.043762,49040,0.015813,49040,0.004890,2528,0.003365,2528,0.002816,2448,0.002449,2320,0.001351,2320,0.000000,0,979504
0.053709,48640,0.043091,48640,0.014898,48640,0.004585,2368,0.003121,2368,0.002693,2320,0.002327,2224,0.001168,2224,0.000000,0,981088
0.053159,48160,0.042419,48160,0.013861,48160,0.004158,2144,0.002816,2144,0.002388,2064,0.001961,1984,0.000741,1984,0.000000,0,980080
0.055295,50000,0.045043,50000,0.016851,50000,0.005073,2576,0.003426,2576,0.002938,2416,0.002510,2416,0.001473,2416,0.000000,0,979904
0.054136,48960,0.043579,48960,0.015203,48960,0.004585,2352,0.003121,2352,0.002632,2192,0.002266,2176,0.001046,2176,0.000000,0,980448
0.053648,48576,0.043091,48576,0.015691,48576,0.005134,2672,0.003548,2672,0.002877,2560,0.002388,2160,0.001168,2160,0.000000,0,980624
0.052610,47952,0.042297,47952,0.016607,15312,0.006172,3328,0.004341,3328,0.003548,3216,0.002877,2320,0.001534,2112,0.000000,0,985440
0.052671,48352,0.042114,48352,0.014410,18400,0.004463,2368,0.003060,2368,0.002632,2256,0.002266,2240,0.001107,2240,0.000000,0,991600
0.053404,48992,0.042969,48992,0.014593,48992,0.004280,2224,0.002877,2224,0.002449,2096,0.002022,2032,0.000741,2032,0.000000,0,991088
0.054868,50240,0.044616,50240,0.015752,50240,0.004341,2208,0.002938,2208,0.002449,2192,0.002083,2064,0.000802,2064,0.000000,0,991408
0.052305,48048,0.041748,48048,0.014654,2592,0.004829,2592,0.003426,2592,0.002938,2576,0.002571,2512,0.001534,2512,0.000000,0,991584
0.049986,45936,0.038880,45936,0.011847,2160,0.003975,2160,0.002816,2160,0.002388,2096,0.001961,2016,0.000741,2016,0.000000,0,990336
0.053831,49296,0.043335,49296,0.014593,49296,0.004158,2128,0.002816,2128,0.002388,2080,0.002022,2032,0.000741,2032,0.000000,0,990832
0.054563,50000,0.044921,50000,0.021122,50000,0.008796,4816,0.006172,4736,0.005073,4592,0.004036,4192,0.002632,2688,0.000000,0,991008
0.093679,81664,0.085319,81664,0.063961,81664,0.040772,22224,0.030764,22224,0.026859,22224,0.025211,22224,0.024418,22224,0.023990,22144,937200
0.094106,81920,0.085807,81920,0.064693,81920,0.041565,22704,0.031435,22704,0.027530,22704,0.025821,22704,0.025028,22704,0.024601,22704,935792
0.093007,81040,0.084647,81040,0.063411,81040,0.040650,22304,0.030764,22304,0.026981,22304,0.025333,22304,0.024540,22304,0.024174,22304,936416
0.094350,82176,0.085929,82176,0.064083,82176,0.040101,21440,0.029910,21440,0.026065,21440,0.024418,21440,0.023624,21440,0.023258,21440,936288
0.094289,82192,0.085929,82192,0.064388,82192,0.040711,21984,0.030520,21984,0.026675,21984,0.024967,21984,0.024174,21984,0.023807,21984,937008
0.095387,83216,0.087271,83216,0.066585,83216,0.043335,23776,0.032839,23776,0.028750,23776,0.026981,23776,0.026004,23776,0.025272,23776,937440
0.092153,80560,0.083671,80560,0.062679,80560,0.039917,21936,0.030093,21936,0.026309,21936,0.024662,21936,0.023929,21936,0.023502,21936,945424
0.091848,80384,0.083427,80384,0.062557,80384,0.040040,22128,0.030276,22128,0.026492,22128,0.024845,22128,0.024113,22128,0.023685,22128,946176
0.090322,79072,0.081840,79072,0.060848,79072,0.038941,21680,0.029544,21680,0.025943,21680,0.024357,21680,0.023624,21680,0.023258,21680,945712
0.093007,81328,0.084525,81328,0.063167,81328,0.039795,21584,0.029727,21584,0.025943,21584,0.024296,21584,0.023563,21584,0.023136,21584,946000
0.092641,80992,0.084159,80992,0.062679,80992,0.039246,21216,0.029299,21216,0.025516,21216,0.023929,21216,0.023136,21216,0.022770,21216,945024
0.094106,82368,0.085746,82368,0.064815,82368,0.041382,22576,0.031069,22576,0.027103,22576,0.025333,22576,0.024418,22576,0.023624,21744,947376
0.077630,69168,0.066523,69168,0.031313,69168,0.008918,4016,0.005745,4016,0.004829,4016,0.004402,3824,0.003670,3744,0.001107,3712,951552
0.078911,70304,0.067744,70304,0.030093,70304,0.006477,2784,0.004036,2784,0.003365,2784,0.002999,2784,0.002022,2624,0.000000,0,952544
0.077264,68768,0.065913,68768,0.029177,68768,0.007270,3232,0.004646,3232,0.003914,3216,0.003548,3216,0.002754,3152,0.000000,0,951232
0.077935,69472,0.066646,69472,0.029299,69472,0.006660,2912,0.004219,2912,0.003487,2800,0.003121,2800,0.002205,2800,0.000000,0,952336
0.079399,70688,0.068293,70688,0.031008,70688,0.006843,2928,0.004280,2928,0.003548,2880,0.003182,2864,0.002266,2864,0.000000,0,951824
0.077935,69504,0.066707,69504,0.030154,69504,0.007514,3312,0.004707,3312,0.003670,3312,0.002999,2400,0.001839,2400,0.000000,0,952784
0.078545,70256,0.067439,70256,0.032290,70256,0.009406,4240,0.006050,4240,0.004829,4160,0.004036,3232,0.002938,2880,0.000000,0,955712
0.079765,71344,0.068537,71344,0.030398,71344,0.006294,2704,0.003914,2704,0.003243,2624,0.002877,2624,0.001900,2624,0.000000,0,956080
0.077569,69504,0.065974,69504,0.027469,69504,0.005806,2560,0.003670,2560,0.002999,2464,0.002632,2464,0.001656,2464,0.000000,0,957008
0.078606,70352,0.067195,70352,0.029055,70352,0.006233,2720,0.003914,2720,0.003243,2592,0.002816,2592,0.001839,2592,0.000000,0,956304
0.079216,70896,0.067866,70896,0.029849,70896,0.006416,2784,0.004036,2784,0.003304,2640,0.002938,2640,0.001961,2640,0.000000,0,956768
0.079033,70752,0.067744,70752,0.030337,70752,0.007087,3088,0.004402,3088,0.003609,3088,0.003121,2688,0.002083,2672,0.000000,0,956208
0.059140,53552,0.048156,53552,0.019658,37168,0.006782,3488,0.004646,3488,0.003731,3456,0.003060,2544,0.001839,2272,0.000000,0,974288
0.053831,48848,0.043457,48848,0.016058,48848,0.005195,2720,0.003609,2720,0.003060,2592,0.002693,2528,0.001656,2528,0.000000,0,980752
0.052854,48000,0.042175,48000,0.014105,48000,0.004402,2288,0.003060,2288,0.002571,2240,0.002205,2192,0.001046,2192,0.000000,0,980640
0.053587,48640,0.043030,48640,0.014288,48640,0.004158,2144,0.002877,2144,0.002449,2048,0.002022,2048,0.000802,2048,0.000000,0,980592
0.053831,48832,0.043274,48832,0.014471,48832,0.004158,2144,0.002877,2144,0.002388,2064,0.001961,1984,0.000741,1984,0.000000,0,980208
0.052427,47648,0.041565,47648,0.012945,2000,0.003853,2000,0.002632,2000,0.002205,1840,0.001778,1840,0.000436,1840,0.000000,0,980592
0.052183,47408,0.041382,47408,0.013617,2304,0.004341,2304,0.003060,2304,0.002632,2224,0.002205,2192,0.001046,2192,0.000000,0,980544
0.053037,48176,0.042969,48176,0.018804,48176,0.007819,4288,0.005623,4288,0.004707,4288,0.003853,3520,0.002510,2784,0.000000,0,981376
0.052183,48032,0.041870,48032,0.015508,36144,0.005317,2848,0.003731,2848,0.003182,2768,0.002816,2672,0.001839,2672,0.000000,0,994864
0.051451,47376,0.040894,47376,0.014166,2544,0.004707,2544,0.003304,2544,0.002816,2480,0.002449,2336,0.001290,2336,0.000000,0,994240
0.053526,49152,0.043213,49152,0.014715,49152,0.004158,2128,0.002816,2128,0.002327,2064,0.001900,1952,0.000619,1952,0.000000,0,993040
0.052610,48400,0.042236,48400,0.014471,33536,0.004402,2320,0.003060,2320,0.002632,2320,0.002266,2224,0.001107,2224,0.000000,0,993840
0.053770,49488,0.043701,49488,0.016180,49488,0.005012,2592,0.003426,2592,0.002877,2528,0.002449,2352,0.001351,2352,0.000000,0,994816
0.053404,49056,0.043152,49056,0.015508,49056,0.004707,2448,0.003243,2448,0.002754,2368,0.002388,2336,0.001290,2336,0.000000,0,993856
0.052915,48688,0.042541,48688,0.014227,48688,0.004097,2112,0.002754,2112,0.002327,2032,0.001961,2000,0.000680,2000,0.000000,0,994160
0.069453,62304,0.060543,62288,0.039490,39856,0.022099,12160,0.016302,12160,0.014166,12112,0.013067,11952,0.012152,11472,0.010871,10176,966352
0.093923,81472,0.085807,81472,0.064876,81472,0.042053,23008,0.031984,23008,0.028079,23008,0.026370,23008,0.025577,23008,0.025150,23008,927008
0.094716,82000,0.086539,82000,0.064937,82000,0.041199,22064,0.031008,22064,0.027042,22064,0.025333,22064,0.024601,22064,0.024174,22064,925776
0.095204,82320,0.087027,82320,0.065242,82320,0.041138,21792,0.030764,21792,0.026798,21792,0.025089,21792,0.024296,21792,0.023929,21792,924384
0.095753,82752,0.087576,82752,0.065669,82752,0.041138,21648,0.030642,21648,0.026675,21648,0.024967,21648,0.024174,21648,0.023746,21648,924048
0.094777,81888,0.086539,81888,0.064571,81888,0.040406,21344,0.030154,21344,0.026309,21344,0.024601,21344,0.023868,21344,0.023441,21344,923520
0.095204,82096,0.087088,82096,0.066096,82096,0.042786,23088,0.032412,23088,0.028323,23088,0.026553,23088,0.025577,23088,0.024906,22512,923312
0.094655,80928,0.086356,80928,0.064876,80928,0.041199,21872,0.031008,21872,0.027042,21872,0.025394,21872,0.024601,21872,0.024174,21872,917584
0.094960,81088,0.086600,81088,0.064937,81088,0.041016,21584,0.030703,21584,0.026737,21584,0.025089,21584,0.024296,21584,0.023868,21584,916400
0.094655,80976,0.086356,80976,0.064693,80976,0.040894,21632,0.030703,21632,0.026798,21632,0.025089,21632,0.024296,21632,0.023929,21632,917520
0.095631,81744,0.087332,81744,0.065364,81744,0.040833,21232,0.030337,21232,0.026370,21232,0.024662,21232,0.023868,21232,0.023441,21232,916848
0.093557,79920,0.085197,79920,0.063594,79920,0.040345,21472,0.030398,21472,0.026553,21472,0.024906,21472,0.024174,21472,0.023746,21472,916144
0.090383,78368,0.081596,78368,0.057431,78368,0.032351,16288,0.023258,16288,0.020024,16288,0.018620,16288,0.017705,16288,0.016851,14896,929936
0.091055,81072,0.081413,81072,0.045349,81072,0.007453,2608,0.004036,2608,0.003243,2608,0.002877,2608,0.001900,2608,0.000000,0,954400
0.091848,81760,0.082267,81760,0.046325,81760,0.007514,2576,0.004036,2576,0.003243,2576,0.002816,2576,0.001839,2576,0.000000,0,954704
0.091909,81872,0.082389,81872,0.046996,81872,0.008491,2960,0.004585,2960,0.003731,2960,0.003304,2960,0.002449,2960,0.000000,0,954976
0.090628,80752,0.080925,80752,0.044982,80752,0.007697,2720,0.004219,2720,0.003426,2720,0.002999,2720,0.002022,2720,0.000000,0,955232
0.090811,81024,0.081169,81024,0.045898,81024,0.008918,3200,0.004890,3200,0.003975,3200,0.003548,3200,0.002754,3200,0.000000,0,956624
0.089651,79920,0.080010,79920,0.046264,79920,0.012091,4656,0.007026,4656,0.005501,4656,0.004463,3312,0.003304,3136,0.000000,2928,955456
0.090628,80720,0.080742,80720,0.044250,80720,0.007697,2768,0.004280,2768,0.003426,2768,0.003060,2768,0.002144,2768,0.000000,0,954496
0.090444,80720,0.080559,80720,0.044311,80720,0.008186,2976,0.004585,2976,0.003731,2976,0.003304,2976,0.002449,2976,0.000000,0,956192
0.089041,79392,0.078850,79392,0.041138,79392,0.006111,2224,0.003426,2224,0.002754,2224,0.002388,2224,0.001229,2224,0.000000,0,955712
0.089102,79488,0.079033,79488,0.041687,79488,0.006721,2448,0.003731,2448,0.003060,2448,0.002632,2448,0.001595,2448,0.000000,0,955472
0.090322,80608,0.080376,80608,0.043579,80608,0.007270,2608,0.003975,2608,0.003243,2608,0.002877,2608,0.001900,2608,0.000000,0,955936
0.084647,75568,0.074456,75568,0.040711,75568,0.011115,4560,0.006721,4560,0.005317,4560,0.004341,3264,0.003182,3264,0.000000,0,959552
0.053953,49088,0.043640,49088,0.015142,49088,0.004219,2160,0.002877,2160,0.002449,2160,0.002083,2112,0.000924,2112,0.000000,0,988944
0.051756,47248,0.041077,47248,0.013067,2048,0.003914,2048,0.002693,2048,0.002327,2048,0.001961,2048,0.000741,2048,0.000000,0,989696
0.053465,48736,0.043152,48736,0.014898,48736,0.004280,2192,0.002938,2192,0.002510,2192,0.002144,2192,0.000985,2192,0.000000,0,989392
0.051634,47152,0.040894,47152,0.012518,1888,0.003609,1888,0.002510,1888,0.002144,1888,0.001778,1888,0.000436,1888,0.000000,0,989952
0.051695,47136,0.041016,47136,0.013128,2096,0.003975,2096,0.002754,2096,0.002388,2096,0.002022,2080,0.000802,2080,0.000000,0,988144
0.054624,49696,0.044494,49696,0.016302,49696,0.004646,2368,0.003182,2368,0.002693,2368,0.002388,2336,0.001290,2336,0.000000,0,989488
0.054014,49168,0.043762,49168,0.015508,49168,0.004402,2256,0.002999,2256,0.002571,2256,0.002205,2160,0.000985,2160,0.000000,0,989248
0.054075,49440,0.044311,49440,0.019292,49440,0.007270,3872,0.005073,3872,0.004158,3872,0.003304,2464,0.001900,2304,0.000000,0,993136
0.053770,49520,0.043518,49520,0.015264,49520,0.004341,2224,0.002938,2224,0.002510,2224,0.002144,2224,0.000985,2224,0.000000,0,1001680
0.053037,48880,0.042664,48880,0.014349,48880,0.004097,2128,0.002816,2128,0.002388,2128,0.002022,2128,0.000863,2128,0.000000,0,1001328
0.051390,47392,0.040589,47392,0.012274,1872,0.003548,1872,0.002449,1872,0.002083,1872,0.001717,1872,0.000375,1872,0.000000,0,1000640
0.053159,48944,0.042664,48944,0.013678,48944,0.003609,1856,0.002449,1856,0.002083,1856,0.001717,1856,0.000314,1856,0.000000,0,1000944
0.051817,47760,0.041321,47760,0.014593,47760,0.004829,2592,0.003365,2592,0.002938,2592,0.002632,2592,0.001595,2592,0.000000,0,1000672
0.053343,49072,0.042908,49072,0.013983,49072,0.003731,1904,0.002510,1904,0.002144,1904,0.001778,1904,0.000436,1904,0.000000,0,1000256
0.053465,49296,0.043457,49296,0.017278,49296,0.005928,3136,0.004097,3136,0.003365,3136,0.002754,2352,0.001473,2352,0.000000,0,1001648
0.018743,10128,0.007148,1008,0.003365,1008,0.002510,1008,0.002083,1008,0.001595,512,0.000741,512,0.000000,0,0.000000,0,494560
0.030764,10352,0.028750,10352,0.027713,10352,0.025028,10352,0.012335,10352,0.000000,0,0.000000,0,0.000000,0,0.000000,0,384272
0.034425,11568,0.032168,11568,0.031008,11568,0.028811,11568,0.017644,11568,0.000000,0,0.000000,0,0.000000,0,0.000000,0,384752
0.033083,11248,0.031069,11248,0.030032,11248,0.027713,11248,0.016241,11248,0.000000,0,0.000000,0,0.000000,0,0.000000,0,385792
0.034303,11504,0.032046,11504,0.030886,11504,0.028689,11504,0.017461,11504,0.000000,0,0.000000,0,0.000000,0,0.000000,0,384096
0.036256,12256,0.033876,12256,0.032656,12256,0.030581,12256,0.020085,12256,0.000000,0,0.000000,0,0.000000,0,0.000000,0,387520
0.032900,11104,0.030764,11104,0.029727,11104,0.027347,11104,0.015691,11104,0.000000,0,0.000000,0,0.000000,0,0.000000,0,385280
0.034853,11792,0.032656,11792,0.031557,11792,0.029422,11792,0.018498,11792,0.000000,0,0.000000,0,0.000000,0,0.000000,0,385248
0.047850,16416,0.044860,16416,0.043396,16416,0.042236,16416,0.037660,16416,0.026553,16416,0.018010,4672,0.014532,4672,0.013128,4672,390864
0.035036,11760,0.032717,11760,0.031618,11760,0.029422,11760,0.018498,11760,0.000000,0,0.000000,0,0.000000,0,0.000000,0,384160
0.034181,11456,0.031862,11456,0.030703,11456,0.028384,11456,0.017034,11456,0.000000,0,0.000000,0,0.000000,0,0.000000,0,385104
0.034731,11632,0.032412,11632,0.031191,11632,0.028994,11632,0.018010,11632,0.000000,0,0.000000,0,0.000000,0,0.000000,0,385088
0.040284,13664,0.037660,13664,0.036378,13664,0.034731,13664,0.026981,13664,0.010443,1200,0.003609,1104,0.000000,0,0.000000,0,388400
0.080742,28672,0.076043,28672,0.073724,28672,0.072504,28672,0.070978,28672,0.065547,28672,0.056150,16400,0.048705,16400,0.043213,16400,401952
0.039917,13344,0.037049,13344,0.035707,13344,0.033998,13344,0.026614,13344,0.012213,1648,0.006660,1648,0.004829,1648,0.001961,1536,387616
0.039917,13440,0.037232,13440,0.035890,13440,0.034303,13440,0.027103,13440,0.013189,1856,0.007453,1856,0.005562,1856,0.002999,1792,387200
0.040345,13632,0.037782,13632,0.036500,13632,0.034914,13632,0.027774,13632,0.013128,1744,0.007148,1744,0.005256,1744,0.002693,1664,385760
0.040223,13696,0.037721,13696,0.036500,13696,0.034975,13696,0.027774,13696,0.012945,1712,0.007026,1712,0.005195,1712,0.002571,1648,386848
0.038819,13200,0.036378,13200,0.035158,13200,0.033510,13200,0.026004,13200,0.011908,1664,0.006660,1664,0.004951,1664,0.002327,1632,387616
0.040772,13760,0.038087,13760,0.036805,13760,0.035219,13760,0.027835,13760,0.012518,1584,0.006538,1584,0.004768,1584,0.002205,1520,386752
0.039185,13312,0.036683,13312,0.035463,13312,0.033815,13312,0.025943,13312,0.010565,1328,0.005440,1328,0.003792,1328,0.000863,1136,387632
0.038758,13152,0.036256,13152,0.035036,13152,0.033449,13152,0.026187,13152,0.012762,1872,0.007392,1872,0.005623,1872,0.003304,1840,387488
0.038819,13200,0.036317,13200,0.035158,13200,0.033449,13200,0.025882,13200,0.011481,1552,0.006233,1552,0.004585,1552,0.002083,1472,388016
0.039917,13504,0.037355,13504,0.036073,13504,0.034486,13504,0.027347,13504,0.013250,1840,0.007392,1840,0.005623,1840,0.003426,1840,386896
0.038575,13136,0.036195,13136,0.035036,13136,0.033388,13136,0.026004,13136,0.012396,1792,0.007087,1792,0.005440,1792,0.003304,1792,387056
0.039856,13472,0.037293,13472,0.036012,13472,0.034425,13472,0.027103,13472,0.012762,1744,0.007026,1744,0.005317,1744,0.003121,1728,386624
0.040894,13968,0.038209,13968,0.036927,13968,0.035402,13968,0.028140,13968,0.012701,1600,0.006599,1600,0.004829,1600,0.002510,1584,390816
0.038453,13152,0.036073,13152,0.034914,13152,0.033327,13152,0.026065,13152,0.012457,1792,0.007087,1792,0.005440,1792,0.003304,1792,388352
0.037843,12784,0.035463,12784,0.034303,12784,0.032595,12784,0.024967,12784,0.011298,1616,0.006416,1616,0.004890,1616,0.002693,1600,384880
0.039307,13344,0.036805,13344,0.035585,13344,0.033937,13344,0.026309,13344,0.011542,1536,0.006233,1536,0.004646,1536,0.002388,1488,387024
0.038392,13072,0.035951,13072,0.034731,13072,0.033083,13072,0.025516,13072,0.011603,1632,0.006477,1632,0.004890,1632,0.002693,1616,388608
0.038453,12928,0.035951,12928,0.034670,12928,0.033022,12928,0.025516,12928,0.011603,1616,0.006477,1616,0.004951,1616,0.002877,1616,385040
0.041748,14272,0.039124,14272,0.037782,14272,0.036317,14272,0.029361,14272,0.014105,1808,0.007453,1808,0.005623,1808,0.003548,1808,390272
0.039246,13360,0.036744,13360,0.035524,13360,0.033937,13360,0.026431,13360,0.011664,1536,0.006233,1536,0.004646,1536,0.002449,1440,388256
0.039795,13552,0.037232,13552,0.036012,13552,0.034425,13552,0.027408,13552,0.013678,1968,0.007819,1968,0.006111,1968,0.004280,1968,388960
0.038087,12880,0.035585,12880,0.034364,12880,0.032656,12880,0.025150,12880,0.011664,1696,0.006660,1696,0.005134,1696,0.003243,1696,387456
0.038636,13104,0.036195,13104,0.034975,13104,0.033266,13104,0.025699,13104,0.011420,1568,0.006294,1568,0.004768,1568,0.002754,1568,387184
0.038453,13056,0.035951,13056,0.034731,13056,0.033083,13056,0.025821,13056,0.012640,1888,0.007392,1888,0.005806,1888,0.004036,1888,388336
0.039002,13232,0.036500,13232,0.035280,13232,0.033632,13232,0.026065,13232,0.011359,1504,0.006111,1504,0.004585,1504,0.002632,1504,387488
0.038575,13120,0.036134,13120,0.034914,13120,0.033266,13120,0.025638,13120,0.011359,1552,0.006233,1552,0.004707,1552,0.002754,1552,388000
0.038209,12960,0.035768,12960,0.034547,12960,0.032839,12960,0.025272,12960,0.011603,1680,0.006599,1680,0.005134,1680,0.003365,1680,387408
0.037355,12720,0.034975,12720,0.033815,12720,0.032107,12720,0.024479,12720,0.011054,1600,0.006294,1600,0.004829,1600,0.003060,1600,388000
0.038392,13136,0.036073,13136,0.034914,13136,0.033266,13136,0.025882,13136,0.011847,1648,0.006599,1648,0.005073,1648,0.003304,1648,388240
0.038392,12864,0.035829,12864,0.034547,12864,0.032900,12864,0.025516,12864,0.012274,1808,0.007148,1808,0.005623,1808,0.003914,1808,384704
0.041687,14224,0.039063,14224,0.037782,14224,0.036317,14224,0.029299,14224,0.013861,1744,0.007270,1744,0.005501,1744,0.003792,1744,388576
0.039124,13312,0.036622,13312,0.035402,13312,0.033815,13312,0.026492,13312,0.012579,1776,0.007087,1776,0.005501,1776,0.003853,1776,388160
0.038636,13120,0.036195,13120,0.034975,13120,0.033327,13120,0.025882,13120,0.011847,1648,0.006599,1648,0.005073,1648,0.003365,1648,387088
0.038697,13152,0.036317,13152,0.035158,13152,0.033510,13152,0.025821,13152,0.010749,1376,0.005623,1376,0.004219,1376,0.002327,1376,385584
0.041077,13840,0.038331,13840,0.037049,13840,0.035463,13840,0.028384,13840,0.013556,1792,0.007331,1792,0.005623,1792,0.004036,1792,386512
0.039917,13520,0.037355,13520,0.036073,13520,0.034486,13520,0.027042,13520,0.011969,1552,0.006355,1552,0.004829,1552,0.003060,1552,387360
0.040406,13664,0.037721,13664,0.036439,13664,0.034853,13664,0.027652,13664,0.012884,1712,0.006965,1712,0.005378,1712,0.003731,1712,387504
0.040467,13792,0.037904,13792,0.036683,13792,0.035158,13792,0.028567,13792,0.015447,2336,0.009223,2336,0.007270,2336,0.005989,2336,388576
0.039307,13376,0.036805,13376,0.035585,13376,0.033937,13376,0.026553,13376,0.011969,1616,0.006538,1616,0.005012,1616,0.003365,1616,388512
0.038941,13200,0.036439,13200,0.035158,13200,0.033510,13200,0.025821,13200,0.010993,1440,0.005867,1440,0.004402,1440,0.002754,1440,387904
0.040467,13648,0.037843,13648,0.036500,13648,0.034914,13648,0.027835,13648,0.013495,1840,0.007453,1840,0.005806,1840,0.004402,1840,386464
0.041443,14112,0.038819,14112,0.037538,14112,0.036012,14112,0.028994,14112,0.013800,1776,0.007331,1776,0.005623,1776,0.004158,1776,388240
0.037416,12624,0.034914,12624,0.033693,12624,0.031984,12624,0.024418,12624,0.011298,1680,0.006599,1680,0.005195,1680,0.003731,1680,386848
0.039246,13376,0.036744,13376,0.035524,13376,0.033876,13376,0.026370,13376,0.011542,1520,0.006172,1520,0.004707,1520,0.003121,1520,389200
0.037416,12720,0.034975,12720,0.033815,12720,0.032107,12720,0.024357,12720,0.010626,1504,0.005928,1504,0.004585,1504,0.003121,1504,388544
0.039063,13264,0.036500,13264,0.035280,13264,0.033693,13264,0.026248,13264,0.011847,1616,0.006477,1616,0.005012,1616,0.003609,1616,388144
0.038636,13088,0.036195,13088,0.034975,13088,0.033327,13088,0.026004,13088,0.012579,1840,0.007270,1840,0.005745,1840,0.004402,1840,386576
0.040101,13536,0.037477,13536,0.036195,13536,0.034608,13536,0.027225,13536,0.012213,1584,0.006477,1584,0.005012,1584,0.003548,1584,386352
0.039551,13408,0.037110,13408,0.035890,13408,0.034242,13408,0.026737,13408,0.011786,1536,0.006294,1536,0.004829,1536,0.003426,1536,385440
0.039368,13376,0.036866,13376,0.035646,13376,0.033998,13376,0.026553,13376,0.012030,1616,0.006538,1616,0.005073,1616,0.003670,1616,387488
0.039246,13248,0.036683,13248,0.035402,13248,0.033754,13248,0.026370,13248,0.012213,1696,0.006782,1696,0.005317,1696,0.003975,1696,386672
0.040040,13584,0.037416,13584,0.036134,13584,0.034486,13584,0.027103,13584,0.012213,1616,0.006599,1616,0.005073,1616,0.003670,1616,388672
0.039124,13328,0.036622,13328,0.035402,13328,0.033754,13328,0.026370,13328,0.012274,1712,0.006843,1712,0.005317,1712,0.004036,1712,389088
0.041016,14048,0.038575,14048,0.037355,14048,0.035829,14048,0.028872,14048,0.013800,1792,0.007392,1792,0.005684,1792,0.004402,1792,387984
0.039002,13312,0.036622,13312,0.035402,13312,0.033815,13312,0.026309,13312,0.011725,1568,0.006355,1568,0.004890,1568,0.003548,1568,387632
0.039734,13584,0.037293,13584,0.036134,13584,0.034547,13584,0.027225,13584,0.012396,1632,0.006660,1632,0.005134,1632,0.003792,1632,387936
0.040101,13504,0.037416,13504,0.036134,13504,0.034486,13504,0.027042,13504,0.011725,1488,0.006111,1488,0.004707,1488,0.003304,1488,386352
0.039917,13584,0.037355,13584,0.036134,13584,0.034486,13584,0.027225,13584,0.012579,1680,0.006782,1680,0.005256,1680,0.004036,1680,388656
0.039673,13440,0.037171,13440,0.035951,13440,0.034303,13440,0.026859,13440,0.011969,1568,0.006416,1568,0.004951,1568,0.003670,1568,386240
0.038880,13232,0.036378,13232,0.035158,13232,0.033510,13232,0.025882,13232,0.011359,1536,0.006172,1536,0.004768,1536,0.003548,1536,388768
0.038819,13248,0.036378,13248,0.035219,13248,0.033571,13248,0.026187,13248,0.012091,1680,0.006721,1680,0.005256,1680,0.004036,1680,388320
0.038453,12976,0.035890,12976,0.034670,12976,0.032961,12976,0.025394,12976,0.011542,1632,0.006477,1632,0.005073,1632,0.003914,1632,386944
0.040162,13632,0.037660,13632,0.036439,13632,0.034853,13632,0.027408,13632,0.011847,1456,0.006050,1456,0.004646,1456,0.003304,1456,386016
0.040711,13728,0.038026,13728,0.036744,13728,0.035158,13728,0.027835,13728,0.012701,1632,0.006721,1632,0.005195,1632,0.003975,1632,386544
0.041138,14000,0.038514,14000,0.037232,14000,0.035768,14000,0.028933,14000,0.014715,2048,0.008308,2048,0.006477,2048,0.005378,2048,388096
0.039734,13360,0.036988,13360,0.035646,13360,0.033998,13360,0.026798,13360,0.012823,1808,0.007209,1808,0.005684,1808,0.004585,1808,387888
0.039673,13456,0.037110,13456,0.035829,13456,0.034242,13456,0.026981,13456,0.012640,1728,0.006965,1728,0.005440,1728,0.004341,1728,387680
0.038941,13168,0.036378,13168,0.035097,13168,0.033449,13168,0.026004,13168,0.011847,1648,0.006599,1648,0.005134,1648,0.004036,1648,387664
0.036134,12240,0.033815,12240,0.032717,12240,0.030886,12240,0.023014,12240,0.010260,1552,0.005989,1552,0.004829,1552,0.003731,1552,386144
0.039978,13600,0.037416,13600,0.036134,13600,0.034547,13600,0.027530,13600,0.013617,1936,0.007758,1936,0.006111,1936,0.005073,1936,388720
0.038514,13104,0.036012,13104,0.034792,13104,0.033205,13104,0.025882,13104,0.012213,1744,0.006904,1744,0.005440,1744,0.004463,1744,388688
0.039490,13312,0.036927,13312,0.035646,13312,0.033998,13312,0.026614,13312,0.012213,1648,0.006660,1648,0.005195,1648,0.004158,1648,386096
0.042664,14560,0.040040,14560,0.038758,14560,0.037293,14560,0.030398,14560,0.014532,1744,0.007392,1744,0.005623,1744,0.004585,1744,388144
0.038514,12912,0.035890,12912,0.034608,12912,0.032900,12912,0.025455,12912,0.012335,1840,0.007209,1840,0.005745,1840,0.004829,1840,386368
0.038453,12896,0.035829,12896,0.034608,12896,0.032900,12896,0.025760,12896,0.013006,2000,0.007819,2000,0.006233,2000,0.005378,2000,385536
0.044433,14944,0.041382,14944,0.039917,14944,0.038453,14944,0.031984,14944,0.016607,2080,0.008796,2080,0.006721,2080,0.005684,2080,388048
0.037782,12704,0.035219,12704,0.033937,12704,0.032290,12704,0.025150,12704,0.013067,2112,0.008063,2112,0.006538,2112,0.005684,2112,386864
0.038819,13168,0.036317,13168,0.035097,13168,0.033449,13168,0.026431,13168,0.013617,2096,0.008186,2096,0.006538,2096,0.005684,2096,387808
0.039368,13408,0.036866,13408,0.035707,13408,0.034120,13408,0.027103,13408,0.013800,2048,0.008063,2048,0.006416,2048,0.005501,2048,387936
0.040040,13440,0.037355,13440,0.036073,13440,0.034486,13440,0.027347,13440,0.013189,1824,0.007392,1824,0.005806,1824,0.004890,1824,385376
0.040894,14000,0.038392,14000,0.037171,14000,0.035646,14000,0.028872,14000,0.014654,2048,0.008247,2048,0.006477,2048,0.005562,2048,388864
0.041321,14064,0.038697,14064,0.037416,14064,0.035951,14064,0.029116,14064,0.014837,2032,0.008247,2032,0.006477,2032,0.005562,2032,388288
0.042725,14512,0.039917,14512,0.038575,14512,0.037171,14512,0.030642,14512,0.016180,2208,0.009040,2208,0.007026,2208,0.006111,2208,388672
0.040711,13792,0.038026,13792,0.036744,13792,0.035219,13792,0.028628,13792,0.015508,2336,0.009223,2336,0.007331,2336,0.006416,2336,387984
0.039734,13456,0.037171,13456,0.035890,13456,0.034303,13456,0.027225,13456,0.013372,1904,0.007636,1904,0.005989,1904,0.005134,1904,387344
0.041321,13936,0.038514,13936,0.037171,13936,0.035646,13936,0.028933,13936,0.015325,2240,0.008918,2240,0.007087,2240,0.006172,2240,388256
0.040162,13712,0.037660,13712,0.036378,13712,0.034853,13712,0.027835,13712,0.013800,1936,0.007758,1936,0.006111,1936,0.005256,1936,389024
0.039429,13408,0.036927,13408,0.035707,13408,0.034120,13408,0.027042,13408,0.013434,1952,0.007758,1952,0.006111,1952,0.005256,1952,387904
0.041626,14144,0.039002,14144,0.037721,14144,0.036317,14144,0.030032,14144,0.017095,2624,0.010382,2624,0.008247,2624,0.007331,2624,387104
0.040528,13792,0.038026,13792,0.036805,13792,0.035280,13792,0.028384,13792,0.014349,2016,0.008125,2016,0.006416,2016,0.005562,2016,386560
0.042480,14352,0.039612,14352,0.038270,14352,0.036744,14352,0.029971,14352,0.015081,1984,0.008186,1984,0.006355,1984,0.005440,1984,388400
0.040894,13872,0.038270,13872,0.036988,13872,0.035463,13872,0.028689,13872,0.014776,2096,0.008430,2096,0.006660,2096,0.005806,2096,387392
0.041565,14320,0.039002,14320,0.037782,14320,0.036317,14320,0.029422,14320,0.014532,1920,0.007880,1920,0.006050,1920,0.005195,1920,391376
0.038758,13152,0.036256,13152,0.035036,13152,0.033449,13152,0.026675,13152,0.014288,2272,0.008796,2272,0.007087,2272,0.006294,2272,387392
0.040345,13760,0.037782,13760,0.036561,13760,0.035036,13760,0.028018,13760,0.013678,1888,0.007636,1888,0.005989,1888,0.005134,1888,388560
0.040345,13744,0.037782,13744,0.036500,13744,0.034975,13744,0.027896,13744,0.013617,1872,0.007575,1872,0.005928,1872,0.005073,1872,388960
0.042114,14352,0.039490,14352,0.038209,14352,0.036744,14352,0.029971,14352,0.014715,1872,0.007819,1872,0.005989,1872,0.005134,1872,387792
0.041992,14432,0.039490,14432,0.038270,14432,0.036866,14432,0.030215,14432,0.015264,2000,0.008308,2000,0.006416,2000,0.005501,2000,388512
0.039673,13536,0.037171,13536,0.035951,13536,0.034364,13536,0.027347,13536,0.013495,1936,0.007697,1936,0.006111,1936,0.005256,1936,388800
0.041382,14000,0.038697,14000,0.037355,14000,0.035829,14000,0.028872,14000,0.014044,1856,0.007636,1856,0.005928,1856,0.005073,1856,387248
0.041565,13968,0.038758,13968,0.037355,13968,0.035829,13968,0.028689,13968,0.013556,1744,0.007209,1744,0.005562,1744,0.004707,1744,386880
0.039063,13232,0.036561,13232,0.035341,13232,0.033693,13232,0.026614,13232,0.013250,1952,0.007697,1952,0.006111,1952,0.005317,1952,386832
0.040284,13664,0.037599,13664,0.036317,13664,0.034731,13664,0.027652,13664,0.013495,1888,0.007575,1888,0.005928,1888,0.005134,1888,389248
0.037293,12512,0.034792,12512,0.033571,12512,0.031862,12512,0.024418,12512,0.011847,1824,0.007087,1824,0.005684,1824,0.004951,1824,385248
0.040772,13712,0.038026,13712,0.036683,13712,0.035097,13712,0.027774,13712,0.012945,1712,0.007026,1712,0.005440,1712,0.004646,1712,386624
0.038331,13104,0.035951,13104,0.034792,13104,0.033205,13104,0.025821,13104,0.012396,1824,0.007148,1824,0.005684,1824,0.004951,1824,388096
0.036866,12448,0.034425,12448,0.033205,12448,0.031435,12448,0.023685,12448,0.010626,1584,0.006172,1584,0.004951,1584,0.004158,1584,387008
0.039185,13248,0.036622,13248,0.035402,13248,0.033754,13248,0.026370,13248,0.012091,1664,0.006721,1664,0.005256,1664,0.004402,1664,386752
0.040894,13744,0.038209,13744,0.036866,13744,0.035341,13744,0.028445,13744,0.014471,2032,0.008247,2032,0.006477,2032,0.005623,2032,385568
0.040162,13616,0.037599,13616,0.036317,13616,0.034731,13616,0.027286,13616,0.011969,1520,0.006233,1520,0.004829,1520,0.003975,1520,387328
0.039124,13376,0.036622,13376,0.035402,13376,0.033754,13376,0.026187,13376,0.011237,1472,0.005989,1472,0.004646,1472,0.003792,1472,389840
0.036500,12288,0.034120,12288,0.032961,12288,0.031191,12288,0.023624,12288,0.011359,1776,0.006843,1776,0.005501,1776,0.004768,1776,385312
0.039856,13616,0.037416,13616,0.036195,13616,0.034670,13616,0.027530,13616,0.013250,1824,0.007331,1824,0.005745,1824,0.004951,1824,388192
0.038209,12912,0.035707,12912,0.034486,12912,0.032717,12912,0.024845,12912,0.010443,1424,0.005684,1424,0.004463,1424,0.003670,1424,386992
0.037660,12640,0.035158,12640,0.033876,12640,0.032107,12640,0.024296,12640,0.010504,1472,0.005867,1472,0.004646,1472,0.003853,1472,385584
0.041809,14304,0.039246,14304,0.037965,14304,0.036500,14304,0.029849,14304,0.015264,2064,0.008430,2064,0.006599,2064,0.005745,2064,388704
0.040284,13600,0.037660,13600,0.036378,13600,0.034792,13600,0.027347,13600,0.012213,1568,0.006477,1568,0.005012,1568,0.004219,1568,386304
0.042053,14352,0.039368,14352,0.038026,14352,0.036561,14352,0.029666,14352,0.014288,1808,0.007514,1808,0.005745,1808,0.004951,1808,389664
0.038087,12848,0.035585,12848,0.034364,12848,0.032656,12848,0.024845,12848,0.010565,1440,0.005806,1440,0.004524,1440,0.003731,1440,386240
0.038758,13040,0.036134,13040,0.034853,13040,0.033144,13040,0.025699,13040,0.012152,1776,0.007026,1776,0.005562,1776,0.004829,1776,387120
0.038636,12976,0.036073,12976,0.034792,12976,0.033083,12976,0.025516,12976,0.011603,1632,0.006538,1632,0.005134,1632,0.004402,1632,385616
0.039124,13312,0.036683,13312,0.035463,13312,0.033815,13312,0.026553,13312,0.012579,1776,0.007087,1776,0.005623,1776,0.004829,1776,387712
0.039368,13376,0.036866,13376,0.035646,13376,0.034059,13376,0.026920,13376,0.013250,1904,0.007575,1904,0.005989,1904,0.005256,1904,387680
0.039917,13552,0.037416,13552,0.036195,13552,0.034670,13552,0.027347,13552,0.012518,1648,0.006721,1648,0.005256,1648,0.004463,1648,386192
0.039551,13424,0.037049,13424,0.035768,13424,0.034181,13424,0.026798,13424,0.012274,1664,0.006721,1664,0.005256,1664,0.004524,1664,387200
0.039429,13248,0.036683,13248,0.035402,13248,0.033693,13248,0.026065,13248,0.011420,1520,0.006172,1520,0.004829,1520,0.004036,1520,387792
0.038575,13088,0.036073,13088,0.034792,13088,0.033144,13088,0.025882,13088,0.012518,1840,0.007209,1840,0.005745,1840,0.005012,1840,388352
0.038819,13184,0.036317,13184,0.035097,13184,0.033449,13184,0.026187,13184,0.012640,1840,0.007270,1840,0.005745,1840,0.005073,1840,388096
0.037416,12592,0.034975,12592,0.033754,12592,0.032046,12592,0.024235,12592,0.010749,1552,0.006111,1552,0.004890,1552,0.004158,1552,385104
0.041504,14096,0.038819,14096,0.037538,14096,0.036012,14096,0.028750,14096,0.012640,1504,0.006355,1504,0.004829,1504,0.004036,1504,388080
0.039124,13376,0.036683,13376,0.035524,13376,0.033937,13376,0.026737,13376,0.012762,1808,0.007209,1808,0.005684,1808,0.004951,1808,388144
0.039185,13152,0.036622,13152,0.035341,13152,0.033693,13152,0.026248,13152,0.012030,1648,0.006660,1648,0.005256,1648,0.004524,1648,384336
0.042419,14320,0.039551,14320,0.038148,14320,0.036561,14320,0.029299,14320,0.012701,1456,0.006172,1456,0.004707,1456,0.003914,1456,388944
0.039185,13312,0.036683,13312,0.035524,13312,0.033876,13312,0.026187,13312,0.010932,1392,0.005684,1392,0.004402,1392,0.003670,1392,387088
0.039124,13088,0.036439,13088,0.035097,13088,0.033388,13088,0.025821,13088,0.011542,1568,0.006294,1568,0.004951,1568,0.004280,1568,385936
0.039612,13456,0.037171,13456,0.035951,13456,0.034364,13456,0.027042,13456,0.012518,1680,0.006843,1680,0.005317,1680,0.004646,1680,386624
0.039429,13536,0.037110,13536,0.035951,13536,0.034364,13536,0.026981,13536,0.012030,1568,0.006416,1568,0.004951,1568,0.004219,1568,387984
0.039978,13552,0.037355,13552,0.036012,13552,0.034425,13552,0.027225,13552,0.013006,1808,0.007270,1808,0.005684,1808,0.005012,1808,388912
0.035890,12112,0.033510,12112,0.032351,12112,0.030520,12112,0.022526,12112,0.009894,1504,0.005806,1504,0.004646,1504,0.004036,1504,386336
0.039246,13136,0.036622,13136,0.035280,13136,0.033632,13136,0.026004,13136,0.011481,1536,0.006233,1536,0.004890,1536,0.004158,1536,385104
0.038697,13216,0.036317,13216,0.035097,13216,0.033449,13216,0.025821,13216,0.011359,1536,0.006172,1536,0.004829,1536,0.004158,1536,388304
0.041016,13952,0.038392,13952,0.037171,13952,0.035646,13952,0.028445,13952,0.013006,1632,0.006782,1632,0.005195,1632,0.004463,1632,387904
0.037904,12880,0.035524,12880,0.034364,12880,0.032717,12880,0.025089,12880,0.011176,1568,0.006233,1568,0.004951,1568,0.004280,1568,386512
0.039307,13312,0.036744,13312,0.035524,13312,0.033876,13312,0.026492,13312,0.012091,1648,0.006660,1648,0.005195,1648,0.004524,1648,387168
0.039978,13456,0.037293,13456,0.036012,13456,0.034364,13456,0.026981,13456,0.012335,1648,0.006721,1648,0.005256,1648,0.004524,1648,386784
0.037660,12784,0.035219,12784,0.034059,12784,0.032290,12784,0.024540,12784,0.010687,1504,0.005989,1504,0.004707,1504,0.004036,1504,387664
0.040589,13696,0.037904,13696,0.036561,13696,0.034975,13696,0.027713,13696,0.012579,1616,0.006660,1616,0.005134,1616,0.004463,1616,387264
0.038209,12912,0.035707,12912,0.034486,12912,0.032778,12912,0.025089,12912,0.011115,1552,0.006172,1552,0.004890,1552,0.004219,1552,386944
0.038331,12976,0.035890,12976,0.034670,12976,0.032961,12976,0.025150,12976,0.010565,1408,0.005684,1408,0.004463,1408,0.003792,1408,386736
0.040345,13744,0.037782,13744,0.036561,13744,0.035036,13744,0.027957,13744,0.013678,1888,0.007636,1888,0.005989,1888,0.005256,1888,388224
0.038758,13024,0.036195,13024,0.034914,13024,0.033266,13024,0.025882,13024,0.012213,1744,0.006965,1744,0.005501,1744,0.004829,1744,385744
0.039551,13376,0.036988,13376,0.035768,13376,0.034120,13376,0.026675,13376,0.011908,1568,0.006416,1568,0.005012,1568,0.004280,1568,386288
0.041870,14240,0.039185,14240,0.037843,14240,0.036378,14240,0.029361,14240,0.013861,1728,0.007209,1728,0.005562,1728,0.004829,1728,388656
0.039246,13312,0.036744,13312,0.035524,13312,0.033937,13312,0.026492,13312,0.011969,1600,0.006477,1600,0.005073,1600,0.004402,1600,386592
0.039063,13280,0.036622,13280,0.035402,13280,0.033754,13280,0.026187,13280,0.011481,1520,0.006172,1520,0.004829,1520,0.004158,1520,387408
0.038209,12848,0.035585,12848,0.034364,12848,0.032595,12848,0.024784,12848,0.010626,1456,0.005806,1456,0.004585,1456,0.003914,1456,386880
0.038880,13232,0.036439,13232,0.035219,13232,0.033571,13232,0.026187,13232,0.012091,1680,0.006721,1680,0.005317,1680,0.004646,1680,388032
0.038392,12896,0.035707,12896,0.034425,12896,0.032717,12896,0.025455,12896,0.012518,1904,0.007392,1904,0.005928,1904,0.005317,1904,387680
0.040467,13728,0.037904,13728,0.036622,13728,0.035097,13728,0.028079,13728,0.013861,1904,0.007697,1904,0.006050,1904,0.005378,1904,386912
0.039978,13568,0.037416,13568,0.036134,13568,0.034547,13568,0.027164,13568,0.012091,1568,0.006416,1568,0.005012,1568,0.004341,1568,387664
0.040528,13664,0.037721,13664,0.036439,13664,0.034792,13664,0.027652,13664,0.013250,1808,0.007331,1808,0.005745,1808,0.005012,1808,388496
0.038087,12848,0.035585,12848,0.034303,12848,0.032595,12848,0.024784,12848,0.010565,1440,0.005745,1440,0.004524,1440,0.003914,1440,386944
0.038758,13040,0.036195,13040,0.034914,13040,0.033205,13040,0.025638,13040,0.011420,1568,0.006294,1568,0.004951,1568,0.004341,1568,386096
0.040955,13888,0.038331,13888,0.037049,13888,0.035524,13888,0.028323,13888,0.013067,1664,0.006904,1664,0.005317,1664,0.004646,1664,386880
0.041077,13936,0.038392,13936,0.037049,13936,0.035524,13936,0.028445,13936,0.013556,1792,0.007331,1792,0.005684,1792,0.005012,1792,388960
0.040528,13776,0.037904,13776,0.036683,13776,0.035158,13776,0.028079,13776,0.013617,1840,0.007453,1840,0.005867,1840,0.005134,1840,387920
0.038270,12976,0.035768,12976,0.034547,12976,0.032839,12976,0.025150,12976,0.011054,1536,0.006111,1536,0.004829,1536,0.004219,1536,388384
0.037782,12688,0.035341,12688,0.034120,12688,0.032351,12688,0.024784,12688,0.011481,1680,0.006660,1680,0.005317,1680,0.004707,1680,384432
0.039917,13632,0.037416,13632,0.036195,13632,0.034608,13632,0.027286,13632,0.012518,1664,0.006782,1664,0.005256,1664,0.004646,1664,388384
0.038636,13136,0.036195,13136,0.034975,13136,0.033327,13136,0.026004,13136,0.012335,1776,0.007026,1776,0.005562,1776,0.004951,1776,387760
0.038270,12880,0.035768,12880,0.034547,12880,0.032900,12880,0.025333,12880,0.011603,1648,0.006599,1648,0.005195,1648,0.004585,1648,384848
0.039063,13280,0.036561,13280,0.035341,13280,0.033632,13280,0.026126,13280,0.012091,1712,0.006782,1712,0.005378,1712,0.004768,1712,388416
0.039429,13392,0.036927,13392,0.035707,13392,0.034120,13392,0.027042,13392,0.013311,1904,0.007575,1904,0.005989,1904,0.005317,1904,387248
0.039429,13472,0.037049,13472,0.035890,13472,0.034303,13472,0.026859,13472,0.011908,1552,0.006355,1552,0.004951,1552,0.004280,1552,386928
0.040162,13568,0.037477,13568,0.036195,13568,0.034608,13568,0.027286,13568,0.012518,1664,0.006782,1664,0.005317,1664,0.004646,1664,387232
0.051085,17632,0.047973,17632,0.046508,17632,0.045410,17632,0.041443,17632,0.031130,17632,0.021977,5776,0.017949,5776,0.016241,5776,391584
0.059384,20752,0.055844,20752,0.054136,20752,0.053098,20752,0.050596,20752,0.043274,20752,0.034792,9968,0.029788,9968,0.027408,9968,395920
0.044982,15376,0.042236,15376,0.040894,15376,0.039673,15376,0.034792,15376,0.023807,4256,0.016180,4256,0.013250,4256,0.012030,4256,388144
0.035768,12128,0.033449,12128,0.032290,12128,0.030215,12128,0.019597,12128,0.000000,0,0.000000,0,0.000000,0,0.000000,0,387504
0.033815,11360,0.031557,11360,0.030459,11360,0.028140,11360,0.016790,11360,0.000000,0,0.000000,0,0.000000,0,0.000000,0,384976
0.035646,12000,0.033266,12000,0.032046,12000,0.029910,12000,0.019170,12000,0.000000,0,0.000000,0,0.000000,0,0.000000,0,386944
0.052000,17952,0.048888,17952,0.047362,17952,0.046325,17952,0.042786,17952,0.033510,17952,0.024845,6736,0.020695,6736,0.018865,6736,391072
0.043945,15040,0.041138,15040,0.039795,15040,0.038453,15040,0.032473,15040,0.018987,2800,0.011237,2800,0.008857,2800,0.007941,2800,390736
0.033937,11376,0.031679,11376,0.030581,11376,0.028262,11376,0.016912,11376,0.000000,0,0.000000,0,0.000000,0,0.000000,0,384016
0.034486,11648,0.032290,11648,0.031191,11648,0.028994,11648,0.017888,11648,0.000000,0,0.000000,0,0.000000,0,0.000000,0,385072
0.034975,11744,0.032595,11744,0.031435,11744,0.029299,11744,0.018315,11744,0.000000,0,0.000000,0,0.000000,0,0.000000,0,385536
0.034242,11568,0.032046,11568,0.030947,11568,0.028689,11568,0.017522,11568,0.000000,0,0.000000,0,0.000000,0,0.000000,0,385792
0.033510,11296,0.031313,11296,0.030215,11296,0.027957,11296,0.016485,11296,0.000000,0,0.000000,0,0.000000,0,0.000000,0,385232
0.032717,11072,0.030642,11072,0.029605,11072,0.027225,11072,0.015569,11072,0.000000,0,0.000000,0,0.000000,0,0.000000,0,385024
0.034731,11616,0.032351,11616,0.031191,11616,0.028933,11616,0.017888,11616,0.000000,0,0.000000,0,0.000000,0,0.000000,0,384944
0.033693,11344,0.031496,11344,0.030337,11344,0.028079,11344,0.016668,11344,0.000000,0,0.000000,0,0.000000,0,0.000000,0,385424
0.003670,3504,0.001473,3504,0.000000,0,0.000000,0,0.000000,0,0.000000,0,0.000000,0,0.000000,0,0.000000,0,1005232
0.003975,4016,0.001595,4016,0.000000,0,0.000000,0,0.000000,0,0.000000,0,0.000000,0,0.000000,0,0.000000,0,1068928
0.003548,3696,0.001046,3696,0.000000,0,0.000000,0,0.000000,0,0.000000,0,0.000000,0,0.000000,0,0.000000,0,1069568
0.005134,4928,0.003731,4928,0.002022,1008,0.001351,1008,0.001107,1008,0.001046,1008,0.000924,1008,0.000375,1008,0.000000,0,1067456
0.008125,7664,0.007209,7664,0.005867,7664,0.004646,3648,0.003975,3648,0.003670,3648,0.003548,3648,0.003426,3648,0.002938,3648,1072784
0.007758,7328,0.006843,7328,0.005440,7328,0.004219,3312,0.003609,3312,0.003365,3312,0.003243,3312,0.003121,3312,0.002571,3312,1070752
0.008674,8144,0.007697,8144,0.006233,8144,0.004768,3600,0.004036,3600,0.003670,3600,0.003487,3600,0.003426,3600,0.002938,3600,1072208
0.008186,7712,0.007270,7712,0.005928,7712,0.004707,3744,0.004097,3744,0.003792,3744,0.003609,3744,0.003548,3744,0.003060,3744,1071024
0.008308,7792,0.007392,7792,0.005989,7792,0.004768,3728,0.004097,3728,0.003792,3728,0.003609,3728,0.003548,3728,0.003060,3728,1071616
0.008247,7744,0.007331,7744,0.005989,7744,0.004768,3744,0.004097,3744,0.003792,3744,0.003609,3744,0.003548,3744,0.003060,3744,1072080
0.008186,7696,0.007270,7696,0.005928,7696,0.004707,3712,0.004036,3712,0.003731,3712,0.003609,3712,0.003487,3712,0.003060,3712,1071440
0.007697,7232,0.006721,7232,0.005256,7232,0.004097,3168,0.003487,3168,0.003182,3168,0.003060,3168,0.002938,3168,0.002388,3168,1071760
0.007880,7392,0.006965,7392,0.005623,7392,0.004524,3600,0.003914,3600,0.003609,3600,0.003487,3600,0.003365,3600,0.002877,3600,1071264
0.008186,7712,0.007270,7712,0.005928,7712,0.004646,3648,0.003975,3648,0.003670,3648,0.003548,3648,0.003426,3648,0.002938,3648,1071856
0.008308,7792,0.007392,7792,0.005989,7792,0.004707,3696,0.004036,3696,0.003731,3696,0.003609,3696,0.003487,3696,0.002999,3696,1072672
0.007941,7456,0.007026,7456,0.005684,7456,0.004524,3600,0.003914,3600,0.003609,3600,0.003487,3600,0.003365,3600,0.002877,3600,1071888
0.008247,7792,0.007331,7792,0.005989,7792,0.004707,3664,0.004036,3664,0.003731,3664,0.003548,3664,0.003426,3664,0.002938,3664,1073264
0.008186,7696,0.007209,7696,0.005745,7696,0.004463,3392,0.003731,3392,0.003426,3392,0.003304,3392,0.003182,3392,0.002632,3392,1070864
0.007880,7440,0.007026,7440,0.005745,7440,0.004646,3744,0.004036,3744,0.003731,3744,0.003609,3744,0.003548,3744,0.003060,3744,1071280
0.008125,7632,0.007209,7632,0.005867,7632,0.004646,3664,0.003975,3664,0.003670,3664,0.003548,3664,0.003426,3664,0.002938,3664,1072144
0.007514,7088,0.006599,7088,0.005256,7088,0.004158,3344,0.003609,3344,0.003365,3344,0.003243,3344,0.003121,3344,0.002510,3344,1070432
0.008247,7792,0.007392,7792,0.006050,7792,0.004829,3808,0.004158,3808,0.003853,3808,0.003670,3808,0.003609,3808,0.003060,3808,1072528
0.008308,7792,0.007392,7792,0.006050,7792,0.004890,3872,0.004219,3872,0.003914,3872,0.003731,3872,0.003670,3872,0.003182,3872,1071328
0.008491,7968,0.007514,7968,0.006111,7968,0.004707,3632,0.004036,3632,0.003670,3632,0.003548,3632,0.003426,3632,0.002877,3632,1071888
0.008002,7504,0.007087,7504,0.005745,7504,0.004646,3696,0.003975,3696,0.003731,3696,0.003609,3696,0.003487,3696,0.002938,3696,1071664
0.007880,7456,0.006965,7456,0.005440,7456,0.004097,3120,0.003487,3120,0.003182,3120,0.003060,3120,0.002877,3120,0.002266,3120,1071104
0.008552,8032,0.007575,8032,0.006111,8032,0.004707,3600,0.003975,3600,0.003670,3600,0.003487,3600,0.003365,3600,0.002816,3600,1072576
0.007697,7264,0.006782,7264,0.005501,7264,0.004341,3504,0.003792,3504,0.003548,3504,0.003365,3504,0.003304,3504,0.002693,3504,1071984
0.007697,7280,0.006843,7280,0.005562,7280,0.004463,3632,0.003914,3632,0.003670,3632,0.003487,3632,0.003426,3632,0.002877,3632,1070976
0.007636,7216,0.006721,7216,0.005440,7216,0.004341,3472,0.003731,3472,0.003487,3472,0.003365,3472,0.003243,3472,0.002632,3472,1071888
0.008613,8128,0.007697,8128,0.006233,8128,0.004829,3680,0.004097,3680,0.003731,3680,0.003609,3680,0.003487,3680,0.002877,3680,1072000
0.007880,7424,0.006965,7424,0.005562,7424,0.004341,3424,0.003731,3424,0.003487,3424,0.003304,3424,0.003182,3424,0.002571,3424,1071920
0.007941,7488,0.007026,7488,0.005501,7488,0.004219,3232,0.003548,3232,0.003304,3232,0.003121,3232,0.002999,3232,0.002327,3232,1071296
0.007697,7248,0.006782,7248,0.005562,7248,0.004524,3712,0.003975,3712,0.003731,3712,0.003609,3712,0.003487,3712,0.002938,3712,1071824
0.008247,7744,0.007270,7744,0.005806,7744,0.004463,3392,0.003731,3392,0.003426,3392,0.003304,3392,0.003182,3392,0.002571,3392,1071648
0.008552,8064,0.007697,8064,0.006294,8064,0.005012,3920,0.004280,3920,0.003975,3920,0.003792,3920,0.003670,3920,0.003182,3920,1071040
0.008308,7808,0.007331,7808,0.005928,7808,0.004585,3536,0.003914,3536,0.003609,3536,0.003426,3536,0.003304,3536,0.002693,3536,1072656
0.007819,7360,0.006843,7360,0.005378,7360,0.004158,3200,0.003548,3200,0.003243,3200,0.003121,3200,0.002938,3200,0.002266,3200,1071216
0.008063,7600,0.007209,7600,0.005928,7600,0.004829,3936,0.004219,3936,0.003975,3936,0.003792,3936,0.003670,3936,0.003182,3936,1072064
0.008125,7664,0.007209,7664,0.005745,7664,0.004402,3392,0.003731,3392,0.003426,3392,0.003304,3392,0.003182,3392,0.002510,3392,1070672
0.008369,7856,0.007392,7856,0.005867,7856,0.004402,3312,0.003731,3312,0.003365,3312,0.003243,3312,0.003060,3312,0.002388,3312,1071840
0.006965,6560,0.006050,6560,0.004951,6256,0.004036,3392,0.003609,3392,0.003365,3392,0.003243,3392,0.003121,3392,0.002510,3392,1071920
0.007941,7488,0.007026,7488,0.005623,7488,0.004402,3408,0.003731,3408,0.003426,3408,0.003304,3408,0.003182,3408,0.002510,3408,1070448
0.008186,7680,0.007209,7680,0.005684,7680,0.004341,3296,0.003670,3296,0.003365,3296,0.003182,3296,0.003060,3296,0.002388,3296,1071840
0.008613,8096,0.007697,8096,0.006355,8096,0.005073,3952,0.004341,3952,0.003975,3952,0.003853,3952,0.003731,3952,0.003182,3952,1071056
0.008552,8032,0.007636,8032,0.006294,8032,0.005012,3904,0.004280,3904,0.003975,3904,0.003792,3904,0.003670,3904,0.003121,3904,1071312
0.008186,7712,0.007270,7712,0.005928,7712,0.004707,3712,0.004036,3712,0.003731,3712,0.003609,3712,0.003487,3712,0.002877,3712,1072672
0.007941,7472,0.007026,7472,0.005623,7472,0.004463,3488,0.003792,3488,0.003548,3488,0.003365,3488,0.003243,3488,0.002571,3488,1071056
0.008247,7760,0.007331,7760,0.005928,7760,0.004646,3648,0.003975,3648,0.003670,3648,0.003548,3648,0.003426,3648,0.002754,3648,1072464
0.008308,7808,0.007392,7808,0.006050,7808,0.004768,3728,0.004097,3728,0.003792,3728,0.003609,3728,0.003487,3728,0.002877,3728,1071008
0.008613,8096,0.007697,8096,0.006233,8096,0.004829,3680,0.004097,3680,0.003731,3680,0.003609,3680,0.003426,3680,0.002816,3680,1072288
0.007758,7328,0.006904,7328,0.005562,7328,0.004463,3584,0.003853,3584,0.003609,3584,0.003487,3584,0.003365,3584,0.002693,3584,1071792
0.007819,7344,0.006904,7344,0.005501,7344,0.004341,3440,0.003731,3440,0.003487,3440,0.003365,3440,0.003182,3440,0.002510,3440,1070880
0.008308,7856,0.007392,7856,0.005989,7856,0.004707,3664,0.004036,3664,0.003731,3664,0.003548,3664,0.003426,3664,0.002754,3664,1072848
0.007575,7152,0.006660,7152,0.005317,7152,0.004158,3312,0.003609,3312,0.003365,3312,0.003182,3312,0.003060,3312,0.002266,3312,1071136
0.008674,8160,0.007758,8160,0.006355,8160,0.005012,3904,0.004280,3904,0.003975,3904,0.003792,3904,0.003670,3904,0.003060,3904,1071760
0.008247,7728,0.007270,7728,0.005806,7728,0.004402,3360,0.003731,3360,0.003426,3360,0.003304,3360,0.003121,3360,0.002327,3360,1070704
0.007880,7392,0.006904,7392,0.005440,7392,0.004219,3264,0.003609,3264,0.003304,3264,0.003182,3264,0.002999,3264,0.002205,3264,1070784
0.007941,7488,0.007026,7488,0.005501,7488,0.004219,3200,0.003548,3200,0.003243,3200,0.003121,3200,0.002938,3200,0.002144,3200,1071312
0.007575,7120,0.006599,7120,0.005256,7120,0.004158,3296,0.003548,3296,0.003304,3296,0.003182,3296,0.003060,3296,0.002266,3296,1072352
0.008369,7856,0.007392,7856,0.005928,7856,0.004585,3488,0.003853,3488,0.003548,3488,0.003426,3488,0.003243,3488,0.002510,3488,1071328
0.008063,7600,0.007148,7600,0.005745,7600,0.004463,3456,0.003792,3456,0.003487,3456,0.003365,3456,0.003182,3456,0.002449,3456,1072112
0.008125,7680,0.007209,7680,0.005745,7680,0.004402,3344,0.003731,3344,0.003426,3344,0.003243,3344,0.003060,3344,0.002266,3344,1071248
0.007819,7376,0.006904,7376,0.005440,7376,0.004219,3248,0.003548,3248,0.003304,3248,0.003182,3248,0.002999,3248,0.002144,3248,1072336
0.007575,7136,0.006660,7136,0.005440,7136,0.004402,3600,0.003853,3600,0.003609,3600,0.003487,3600,0.003365,3600,0.002571,3600,1071088
0.008308,7824,0.007331,7824,0.005806,7824,0.004341,3264,0.003670,3264,0.003304,3264,0.003182,3264,0.002999,3264,0.002144,3264,1072128
0.007636,7184,0.006660,7184,0.005256,7184,0.004097,3184,0.003487,3184,0.003243,3184,0.003060,3184,0.002938,3184,0.002022,3184,1071408
0.008002,7568,0.007087,7568,0.005684,7568,0.004463,3488,0.003853,3488,0.003548,3488,0.003365,3488,0.003243,3488,0.002449,3488,1070576
0.005378,5184,0.003914,5184,0.001961,864,0.001168,864,0.000985,864,0.000863,864,0.000619,864,0.000000,0,0.000000,0,1071456
0.004036,4080,0.001717,4080,0.000000,0,0.000000,0,0.000000,0,0.000000,0,0.000000,0,0.000000,0,0.000000,0,1069232
0.003853,3952,0.001473,3952,0.000000,0,0.000000,0,0.000000,0,0.000000,0,0.000000,0,0.000000,0,0.000000,0,1069760
0.021061,18704,0.019170,18704,0.018132,18688,0.017095,18688,0.016058,15328,0.015264,15328,0.014837,15328,0.014593,15328,0.014471,15328,1066464
0.133283,140752,0.122359,140752,0.112718,106624,0.106677,106624,0.103442,106624,0.101734,106624,0.100879,106624,0.100452,106624,0.100208,106624,1066000
0.071283,75376,0.063655,58000,0.059262,58000,0.056943,57984,0.055722,57968,0.054929,57952,0.054502,57184,0.054136,57184,0.053465,57120,1061280
0.008125,7600,0.007209,7600,0.005684,7600,0.004402,3328,0.003731,3328,0.003426,3328,0.003304,3328,0.003121,3328,0.002388,3328,1058528
0.007941,7424,0.007026,7424,0.005745,7424,0.004585,3632,0.003975,3632,0.003670,3632,0.003548,3632,0.003426,3632,0.002816,3632,1058192
0.008491,7904,0.007575,7904,0.006355,7904,0.005256,4224,0.004585,4224,0.004280,4224,0.004158,4224,0.004036,4224,0.003548,4224,1059152
0.012884,12064,0.011969,12064,0.010932,12064,0.009467,7552,0.008369,7552,0.007758,7552,0.007392,7552,0.007270,7552,0.007148,7552,1062800
0.011664,10912,0.010810,10912,0.009772,10912,0.008491,7008,0.007575,7008,0.007087,7008,0.006843,7008,0.006721,7008,0.006599,7008,1062032
0.012335,11536,0.011420,11536,0.010382,11536,0.009040,7312,0.008002,7312,0.007453,7312,0.007148,7312,0.007026,7312,0.006904,7312,1062272
0.011725,10944,0.010810,10944,0.009772,10944,0.008491,6960,0.007575,6960,0.007087,6960,0.006782,6960,0.006660,6960,0.006538,6960,1062432
0.011725,10928,0.010810,10928,0.009833,10928,0.008552,7104,0.007697,7104,0.007209,7104,0.006965,7104,0.006782,7104,0.006660,7088,1061632
0.011847,11056,0.010932,11056,0.009955,11056,0.008674,7184,0.007758,7184,0.007270,7184,0.007026,7184,0.006904,7184,0.006782,7184,1061984
0.011481,10688,0.010565,10688,0.009528,10688,0.008308,6816,0.007392,6816,0.006904,6816,0.006660,6816,0.006538,6816,0.006416,6816,1062016
0.011847,11072,0.010932,11072,0.009894,11072,0.008552,6944,0.007575,6944,0.007087,6944,0.006782,6944,0.006660,6944,0.006538,6944,1062080
0.011725,10944,0.010810,10944,0.009833,10944,0.008552,7040,0.007636,7040,0.007148,7040,0.006904,7040,0.006721,7040,0.006599,7040,1062448
0.012335,11536,0.011420,11536,0.010443,11536,0.009162,7520,0.008186,7520,0.007636,7520,0.007331,7520,0.007209,7520,0.007087,7520,1061936
0.011908,11120,0.010993,11120,0.010016,11120,0.008796,7280,0.007880,7280,0.007331,7280,0.007087,7280,0.006965,7280,0.006843,7280,1062848
0.011786,11040,0.010932,11040,0.009894,11040,0.008552,6992,0.007636,6992,0.007087,6992,0.006843,6992,0.006721,6992,0.006599,6992,1062160
0.011420,10688,0.010565,10688,0.009467,10688,0.008125,6576,0.007209,6576,0.006721,6576,0.006416,6576,0.006294,6576,0.006172,6576,1061920
0.012274,11472,0.011359,11472,0.010382,11472,0.009101,7504,0.008125,7504,0.007636,7504,0.007331,7504,0.007209,7504,0.007087,7504,1062528
0.011908,11104,0.010993,11104,0.009955,11104,0.008674,7072,0.007697,7072,0.007148,7072,0.006904,7072,0.006782,7072,0.006660,7072,1063264
0.012152,11376,0.011298,11376,0.010260,11376,0.008918,7280,0.007941,7280,0.007392,7280,0.007148,7280,0.006965,7280,0.006843,7280,1061952
0.011786,11008,0.010871,11008,0.009833,11008,0.008491,6864,0.007514,6864,0.006965,6864,0.006721,6864,0.006599,6864,0.006477,6864,1062304
0.012945,12128,0.012030,12128,0.011054,12128,0.009711,8000,0.008735,8000,0.008125,8000,0.007819,8000,0.007697,8000,0.007575,8000,1063600
0.011542,10768,0.010626,10768,0.009589,10768,0.008369,6864,0.007453,6864,0.006965,6864,0.006721,6864,0.006599,6864,0.006477,6864,1060944
0.012091,11280,0.011176,11280,0.010077,11280,0.008674,6960,0.007697,6960,0.007087,6960,0.006843,6960,0.006721,6960,0.006538,6960,1061536
0.011725,11008,0.010871,11008,0.009833,11008,0.008552,7008,0.007636,7008,0.007087,7008,0.006843,7008,0.006721,7008,0.006599,7008,1062224
0.011847,11104,0.010993,11104,0.009955,11104,0.008613,6960,0.007636,6960,0.007087,6960,0.006843,6960,0.006660,6960,0.006538,6960,1061136
0.012335,11536,0.011420,11536,0.010382,11536,0.008979,7264,0.007941,7264,0.007392,7264,0.007087,7264,0.006965,7264,0.006843,7264,1063056
0.011481,10688,0.010565,10688,0.009528,10688,0.008308,6784,0.007392,6784,0.006904,6784,0.006660,6784,0.006538,6784,0.006355,6784,1060432
0.011786,10992,0.010871,10992,0.009833,10992,0.008552,6976,0.007575,6976,0.007087,6976,0.006843,6976,0.006721,6976,0.006538,6976,1062416
0.011298,10512,0.010382,10512,0.009345,10512,0.008125,6704,0.007270,6704,0.006782,6704,0.006538,6704,0.006416,6704,0.006294,6704,1061200
0.012030,11232,0.011115,11232,0.010016,11232,0.008674,6976,0.007636,6976,0.007087,6976,0.006843,6976,0.006721,6976,0.006538,6976,1062432
0.011664,10880,0.010749,10880,0.009772,10880,0.008552,7088,0.007636,7088,0.007148,7088,0.006904,7088,0.006782,7088,0.006660,7088,1061664
0.011969,11184,0.011054,11184,0.010077,11184,0.008918,7456,0.008002,7456,0.007514,7456,0.007270,7456,0.007148,7456,0.007026,7456,1062768
0.011237,10512,0.010382,10512,0.009406,10512,0.008247,6864,0.007392,6864,0.006904,6864,0.006721,6864,0.006599,6864,0.006477,6864,1061680
0.011664,10928,0.010810,10928,0.009772,10928,0.008430,6896,0.007514,6896,0.007026,6896,0.006721,6896,0.006599,6896,0.006477,6896,1061872
0.011664,10896,0.010749,10896,0.009711,10896,0.008369,6736,0.007392,6736,0.006843,6736,0.006599,6736,0.006477,6736,0.006355,6736,1062048
0.012152,11376,0.011298,11376,0.010321,11376,0.009101,7600,0.008186,7600,0.007697,7600,0.007392,7600,0.007270,7600,0.007148,7600,1062384
0.011054,10304,0.010199,10304,0.009101,10304,0.007880,6480,0.007026,6480,0.006538,6480,0.006355,6480,0.006233,6480,0.006050,6480,1061248
0.012701,11888,0.011786,11888,0.010687,11888,0.009223,7280,0.008063,7280,0.007453,7280,0.007148,7280,0.007026,7280,0.006843,7280,1062656
0.011054,10352,0.010260,10352,0.009284,10352,0.008125,6880,0.007331,6880,0.006904,6880,0.006721,6880,0.006599,6880,0.006477,6880,1061664
0.012640,11824,0.011725,11824,0.010749,11824,0.009406,7760,0.008430,7760,0.007880,7760,0.007575,7760,0.007453,7760,0.007331,7760,1062944
0.011542,10784,0.010687,10784,0.009650,10784,0.008430,6944,0.007514,6944,0.007026,6944,0.006782,6944,0.006660,6944,0.006538,6944,1061888
0.011481,10704,0.010565,10704,0.009528,10704,0.008308,6848,0.007392,6848,0.006965,6848,0.006721,6848,0.006599,6848,0.006416,6848,1061584
0.011908,11120,0.010993,11120,0.009955,11120,0.008674,7136,0.007758,7136,0.007209,7136,0.006965,7136,0.006843,7136,0.006721,7136,1062480
0.012701,11920,0.011786,11920,0.010749,11920,0.009345,7440,0.008247,7440,0.007636,7440,0.007331,7440,0.007148,7440,0.007026,7440,1062848
0.012701,11904,0.011847,11904,0.010871,11904,0.009711,8144,0.008735,8144,0.008247,8144,0.007941,8144,0.007819,8144,0.007697,8144,1062976
0.011481,10752,0.010626,10752,0.009528,10752,0.008247,6736,0.007331,6736,0.006843,6736,0.006599,6736,0.006477,6736,0.006355,6736,1062080
0.012152,11392,0.011298,11392,0.010321,11392,0.009040,7520,0.008125,7520,0.007636,7520,0.007331,7520,0.007209,7520,0.007087,7520,1062464
0.011603,10816,0.010687,10816,0.009650,10816,0.008308,6752,0.007392,6752,0.006843,6752,0.006599,6752,0.006477,6752,0.006355,6752,1061696
0.012091,11280,0.011176,11280,0.010077,11280,0.008674,6912,0.007636,6912,0.007087,6912,0.006782,6912,0.006660,6912,0.006477,6912,1061824
0.011786,11008,0.010871,11008,0.009833,11008,0.008491,6864,0.007514,6864,0.006965,6864,0.006721,6864,0.006599,6864,0.006477,6864,1061264
0.012701,11936,0.011847,11936,0.010749,11936,0.009345,7504,0.008247,7504,0.007636,7504,0.007331,7504,0.007209,7504,0.007087,7504,1063632
0.011542,10784,0.010626,10784,0.009650,10784,0.008430,6944,0.007514,6944,0.007026,6944,0.006782,6944,0.006660,6944,0.006538,6944,1062352
0.011969,11216,0.011115,11216,0.010138,11216,0.008918,7472,0.008063,7472,0.007575,7472,0.007270,7472,0.007148,7472,0.007026,7472,1062240
0.011603,10848,0.010687,10848,0.009589,10848,0.008247,6608,0.007270,6608,0.006721,6608,0.006477,6608,0.006355,6608,0.006233,6608,1062016
0.012030,11248,0.011115,11248,0.010077,11248,0.008735,7120,0.007758,7120,0.007270,7120,0.006965,7120,0.006843,7120,0.006721,7120,1062528
0.011969,11184,0.011054,11184,0.010077,11184,0.008796,7216,0.007819,7216,0.007331,7216,0.007026,7216,0.006904,7216,0.006782,7216,1062384
0.012213,11408,0.011298,11408,0.010321,11408,0.009101,7552,0.008186,7552,0.007636,7552,0.007392,7552,0.007209,7552,0.007148,7552,1063008
0.011420,10656,0.010565,10656,0.009528,10656,0.008369,6976,0.007514,6976,0.007026,6976,0.006782,6976,0.006660,6976,0.006538,6976,1061472
0.012335,11552,0.011420,11552,0.010443,11552,0.009162,7520,0.008186,7520,0.007636,7520,0.007331,7520,0.007209,7520,0.007087,7520,1062784
0.011908,11152,0.011054,11152,0.010016,11152,0.008796,7280,0.007880,7280,0.007392,7280,0.007087,7280,0.006965,7280,0.006843,7280,1062512
0.011725,10944,0.010810,10944,0.009772,10944,0.008552,6992,0.007575,6992,0.007087,6992,0.006843,6992,0.006721,6992,0.006599,6992,1061248
0.011969,11168,0.011054,11168,0.009955,11168,0.008552,6864,0.007575,6864,0.007026,6864,0.006721,6864,0.006599,6864,0.006477,6864,1061792
0.012396,11616,0.011542,11616,0.010443,11616,0.008979,7152,0.007880,7152,0.007331,7152,0.007026,7152,0.006904,7152,0.006721,7152,1061936
0.011359,10608,0.010504,10608,0.009467,10608,0.008247,6832,0.007392,6832,0.006904,6832,0.006660,6832,0.006538,6832,0.006416,6832,1061984
0.011664,10896,0.010810,10896,0.009772,10896,0.008613,7200,0.007758,7200,0.007270,7200,0.007026,7200,0.006904,7200,0.006782,7200,1062048
0.011664,10864,0.010749,10864,0.009711,10864,0.008430,6928,0.007514,6928,0.007026,6928,0.006782,6928,0.006660,6928,0.006538,6928,1061440
0.012152,11360,0.011237,11360,0.010138,11360,0.008674,6864,0.007636,6864,0.007026,6864,0.006721,6864,0.006599,6864,0.006477,6864,1062304
0.010260,9568,0.009406,9568,0.008308,9568,0.007026,5712,0.006233,5712,0.005806,5712,0.005623,5712,0.005501,5712,0.005256,5712,1060080
0.007575,7056,0.006599,7056,0.005256,7056,0.004097,3232,0.003548,3232,0.003304,3232,0.003182,3232,0.002999,3232,0.002266,3232,1058672
0.008186,7664,0.007331,7664,0.005928,7664,0.004707,3712,0.004097,3712,0.003792,3712,0.003670,3712,0.003548,3712,0.002877,3712,1058688
0.008735,8144,0.007819,8144,0.006294,8144,0.004829,3632,0.004097,3632,0.003731,3632,0.003609,3632,0.003426,3632,0.002816,3632,1058832
0.005501,4304,0.003731,4304,0.002449,1680,0.001961,1680,0.001717,1680,0.001656,1680,0.001595,1680,0.001290,1680,0.000192,288,1080112
0.003853,3040,0.001229,352,0.000558,352,0.000436,352,0.000375,352,0.000314,352,0.000000,192,0.000000,0,0.000000,0,1093648
0.004524,3456,0.001961,2032,0.000863,560,0.000680,560,0.000558,560,0.000497,560,0.000314,560,0.000000,0,0.000000,0,1090608
0.003914,2960,0.001595,592,0.000863,592,0.000680,592,0.000619,592,0.000558,592,0.000497,592,0.000192,416,0.000000,0,1091072
0.004219,3024,0.001839,688,0.000985,688,0.000802,688,0.000680,688,0.000619,688,0.000558,688,0.000314,416,0.000000,0,1091328
0.004768,3520,0.002205,3456,0.001107,704,0.000802,704,0.000741,704,0.000680,704,0.000558,704,0.000314,464,0.000000,0,1091024
0.004829,3504,0.002205,3488,0.001046,656,0.000741,656,0.000680,656,0.000619,656,0.000558,656,0.000314,464,0.000000,0,1093664
0.003975,2976,0.001778,720,0.001046,720,0.000802,720,0.000741,720,0.000680,720,0.000558,720,0.000253,368,0.000000,0,1091296
0.004585,3360,0.002205,2288,0.001168,800,0.000924,800,0.000802,800,0.000741,800,0.000680,800,0.000497,592,0.000000,0,1091680
0.004219,3264,0.002022,752,0.001107,752,0.000863,752,0.000741,752,0.000741,752,0.000619,752,0.000436,528,0.000000,0,1089664
0.003792,2800,0.001534,592,0.000863,592,0.000680,592,0.000619,592,0.000558,592,0.000497,592,0.000192,416,0.000000,0,1092240
0.004646,3344,0.002022,1904,0.000985,656,0.000741,656,0.000680,656,0.000619,656,0.000497,656,0.000192,384,0.000000,0,1093280
0.004341,3296,0.001900,624,0.000924,624,0.000741,624,0.000619,624,0.000558,624,0.000497,624,0.000192,400,0.000000,0,1092320
0.004402,3280,0.001839,592,0.000924,592,0.000680,592,0.000619,592,0.000558,592,0.000436,592,0.000131,368,0.000000,0,1091904
0.004280,3200,0.001717,544,0.000863,544,0.000619,544,0.000558,544,0.000497,544,0.000375,544,0.000000,160,0.000000,0,1090080
0.004341,3312,0.001961,672,0.000985,672,0.000741,672,0.000680,672,0.000619,672,0.000558,672,0.000253,416,0.000000,0,1095616
0.004219,3184,0.001839,624,0.000924,624,0.000741,624,0.000619,624,0.000558,624,0.000497,624,0.000192,400,0.000000,0,1090224
0.004585,3344,0.002083,2192,0.001107,720,0.000802,720,0.000741,720,0.000680,720,0.000619,720,0.000314,480,0.000000,0,1092768
0.004524,3168,0.002083,800,0.001168,800,0.000924,800,0.000802,800,0.000741,800,0.000680,800,0.000436,544,0.000000,0,1093680
0.004524,3200,0.002083,752,0.001107,752,0.000863,752,0.000741,752,0.000741,752,0.000619,752,0.000314,416,0.000000,0,1091776
0.004158,3136,0.001717,560,0.000863,560,0.000619,560,0.000558,560,0.000497,560,0.000436,560,0.000000,96,0.000000,0,1093392
0.004646,3312,0.002022,2048,0.000985,640,0.000741,640,0.000680,640,0.000619,640,0.000497,640,0.000253,400,0.000000,0,1090416
0.004646,3360,0.002083,2192,0.001046,688,0.000802,688,0.000680,688,0.000680,688,0.000558,688,0.000253,416,0.000000,0,1090592
0.003792,2912,0.001595,608,0.000863,608,0.000680,608,0.000619,608,0.000558,608,0.000436,608,0.000131,368,0.000000,0,1090480
0.003731,2944,0.001534,592,0.000863,592,0.000680,592,0.000619,592,0.000558,592,0.000436,592,0.000000,96,0.000000,0,1093296
0.004524,3296,0.002144,2048,0.001168,768,0.000863,768,0.000802,768,0.000741,768,0.000680,768,0.000436,544,0.000000,0,1091888
0.005073,3600,0.002266,3552,0.001046,656,0.000802,656,0.000680,656,0.000619,656,0.000497,656,0.000253,400,0.000000,0,1094848
0.005317,3840,0.002632,3840,0.001290,768,0.000924,768,0.000802,768,0.000741,768,0.000680,768,0.000497,592,0.000000,0,1089888
0.004463,3296,0.002205,896,0.001290,896,0.000985,896,0.000924,896,0.000863,896,0.000802,896,0.000558,576,0.000000,0,1092000
0.005073,3616,0.002388,3616,0.001168,752,0.000863,752,0.000802,752,0.000741,752,0.000619,752,0.000375,480,0.000000,0,1091088
0.004585,3344,0.002144,2128,0.001168,768,0.000863,768,0.000802,768,0.000741,768,0.000680,768,0.000436,528,0.000000,0,1091488
0.004524,3168,0.002022,720,0.001046,720,0.000802,720,0.000741,720,0.000680,720,0.000558,720,0.000314,448,0.000000,0,1093920
0.004219,3136,0.002022,832,0.001168,832,0.000924,832,0.000863,832,0.000802,832,0.000680,832,0.000375,448,0.000000,0,1091072
0.005073,3648,0.002388,3616,0.001168,736,0.000863,736,0.000741,736,0.000680,736,0.000619,736,0.000314,464,0.000000,0,1092208
0.004158,3184,0.001961,784,0.001107,784,0.000863,784,0.000802,784,0.000741,784,0.000619,784,0.000375,448,0.000000,0,1089888
0.004402,3216,0.001900,656,0.000985,656,0.000741,656,0.000680,656,0.000619,656,0.000558,656,0.000314,496,0.000000,0,1092400
0.004158,3136,0.001900,704,0.001046,704,0.000802,704,0.000741,704,0.000680,704,0.000558,704,0.000375,496,0.000000,0,1091760
0.004768,3504,0.002083,3440,0.000985,624,0.000741,624,0.000619,624,0.000558,624,0.000497,624,0.000131,368,0.000000,0,1090192
0.003792,2848,0.001717,752,0.001046,752,0.000863,752,0.000741,752,0.000680,752,0.000619,752,0.000314,432,0.000000,0,1092624
0.004524,3376,0.002083,2128,0.001046,704,0.000802,704,0.000741,704,0.000680,704,0.000558,704,0.000314,464,0.000000,0,1090144
0.004951,3632,0.002327,3600,0.001168,720,0.000863,720,0.000741,720,0.000680,720,0.000558,720,0.000253,384,0.000000,0,1090992
0.004097,3056,0.001900,752,0.001107,752,0.000863,752,0.000741,752,0.000680,752,0.000619,752,0.000314,448,0.000000,0,1090960
0.004402,3104,0.002144,864,0.001229,864,0.000985,864,0.000863,864,0.000802,864,0.000741,864,0.000497,560,0.000000,0,1093200
0.004890,3600,0.002266,3584,0.001107,688,0.000802,688,0.000680,688,0.000680,688,0.000558,688,0.000314,496,0.000000,0,1091216
0.004036,3104,0.001961,816,0.001168,816,0.000924,816,0.000802,816,0.000802,816,0.000680,816,0.000497,576,0.000000,0,1090624
0.005195,3744,0.002388,3712,0.001046,640,0.000741,640,0.000680,640,0.000619,640,0.000497,640,0.000192,448,0.000000,0,1096144
0.005012,3600,0.002327,3584,0.001107,672,0.000802,672,0.000680,672,0.000619,672,0.000497,672,0.000192,400,0.000000,0,1091488
0.004402,3120,0.002083,864,0.001229,864,0.000985,864,0.000863,864,0.000802,864,0.000741,864,0.000558,608,0.000000,0,1090848
0.004402,3248,0.001900,640,0.000985,640,0.000741,640,0.000680,640,0.000619,640,0.000497,640,0.000192,400,0.000000,0,1091168
0.004524,3296,0.002205,2224,0.001229,832,0.000924,832,0.000863,832,0.000802,832,0.000680,832,0.000436,512,0.000000,0,1092848
0.004341,3200,0.001961,720,0.001046,720,0.000802,720,0.000741,720,0.000680,720,0.000558,720,0.000253,416,0.000000,0,1092448
0.003792,2928,0.001595,592,0.000863,592,0.000680,592,0.000619,592,0.000558,592,0.000436,592,0.000192,416,0.000000,0,1092752
0.004768,3392,0.002144,2240,0.001107,720,0.000863,720,0.000741,720,0.000680,720,0.000558,720,0.000314,464,0.000000,0,1090832
0.004646,3392,0.002144,2080,0.001168,752,0.000863,752,0.000741,752,0.000741,752,0.000619,752,0.000375,528,0.000000,0,1090240
0.004951,3616,0.002266,3584,0.001046,656,0.000802,656,0.000680,656,0.000619,656,0.000558,656,0.000253,496,0.000000,0,1090544
0.004280,3280,0.001961,720,0.001046,720,0.000802,720,0.000741,720,0.000680,720,0.000619,720,0.000375,528,0.000000,0,1092256
0.004402,3232,0.001778,544,0.000863,544,0.000619,544,0.000558,544,0.000497,544,0.000314,544,0.000000,0,0.000000,0,1094800
0.003609,2736,0.001412,560,0.000802,560,0.000619,560,0.000558,560,0.000497,560,0.000375,560,0.000000,160,0.000000,0,1092160
0.003609,2784,0.001412,528,0.000741,528,0.000619,528,0.000558,528,0.000436,528,0.000314,272,0.000000,0,0.000000,0,1091296
0.004463,3280,0.001778,528,0.000802,528,0.000619,528,0.000558,528,0.000497,528,0.000253,528,0.000000,0,0.000000,0,1092896
0.007941,5744,0.006416,5744,0.005501,4480,0.004951,4480,0.004707,4480,0.004585,4480,0.004463,4480,0.004341,4480,0.003792,4480,1013344
0.015386,11552,0.013861,11552,0.013189,11552,0.012823,11552,0.012701,11552,0.012579,11552,0.012579,11552,0.012396,11552,0.011542,11552,922208
0.006477,4608,0.004829,4608,0.003792,3024,0.003304,3024,0.002938,2976,0.002388,2592,0.001717,1104,0.001290,1104,0.000863,1088,1045696
0.004402,3136,0.001900,640,0.000985,640,0.000741,640,0.000680,640,0.000619,640,0.000558,640,0.000436,640,0.000000,0,1073680
0.003792,2816,0.001351,464,0.000680,464,0.000558,464,0.000497,464,0.000436,464,0.000375,464,0.000131,208,0.000000,0,1074592
0.004890,3424,0.002144,2064,0.001046,640,0.000741,640,0.000680,640,0.000619,640,0.000619,640,0.000436,640,0.000000,0,1074016
0.004829,3376,0.002205,2096,0.001168,752,0.000863,752,0.000802,736,0.000741,736,0.000680,736,0.000558,736,0.000131,224,1074592
0.004097,2928,0.001717,656,0.000985,656,0.000741,656,0.000680,656,0.000619,656,0.000619,656,0.000497,656,0.000000,240,1073168
0.004585,3232,0.002083,720,0.001107,720,0.000863,720,0.000741,720,0.000680,720,0.000680,720,0.000558,720,0.000000,176,1076592
0.004036,2960,0.001778,704,0.001046,704,0.000802,704,0.000741,704,0.000680,704,0.000680,704,0.000558,704,0.000131,224,1072272
0.003975,3008,0.001656,592,0.000863,592,0.000680,592,0.000619,592,0.000558,592,0.000558,592,0.000436,592,0.000000,0,1077648
0.004829,3344,0.002205,1808,0.001107,736,0.000863,736,0.000741,736,0.000741,736,0.000680,736,0.000619,736,0.000192,544,1074528
0.004829,3584,0.002144,3552,0.000985,608,0.000741,608,0.000619,608,0.000619,608,0.000558,608,0.000436,608,0.000000,0,1076720
0.004463,3280,0.001961,640,0.000985,640,0.000741,640,0.000680,640,0.000619,640,0.000558,640,0.000436,640,0.000000,0,1074800
0.004463,3232,0.002083,768,0.001168,768,0.000863,768,0.000802,768,0.000741,768,0.000741,768,0.000619,768,0.000192,512,1075216
0.004036,3008,0.001656,560,0.000863,560,0.000619,560,0.000558,560,0.000558,560,0.000497,560,0.000375,560,0.000000,0,1075856
0.004829,3472,0.002327,3440,0.001229,800,0.000924,800,0.000802,800,0.000802,800,0.000741,800,0.000619,800,0.000192,432,1077616
0.004036,3024,0.001595,560,0.000863,560,0.000619,560,0.000558,560,0.000558,544,0.000497,544,0.000314,544,0.000000,0,1075872
0.005195,3728,0.002388,3696,0.001107,656,0.000802,656,0.000680,656,0.000619,656,0.000619,656,0.000436,656,0.000000,0,1076480
0.005501,3808,0.002632,3792,0.001229,736,0.000863,736,0.000802,736,0.000741,736,0.000680,736,0.000558,736,0.000000,208,1076304
0.004280,3200,0.002022,784,0.001168,784,0.000924,784,0.000802,784,0.000741,784,0.000741,784,0.000619,784,0.000253,608,1076352
0.004280,3120,0.001778,608,0.000924,608,0.000680,608,0.000619,608,0.000619,608,0.000558,608,0.000436,608,0.000000,0,1073216
0.004280,3264,0.001778,560,0.000863,560,0.000680,560,0.000558,560,0.000558,560,0.000497,560,0.000314,544,0.000000,0,1074448
0.003914,3008,0.001839,736,0.001046,736,0.000863,736,0.000741,736,0.000680,736,0.000680,720,0.000497,720,0.000000,0,1077120
0.004585,3280,0.002022,1568,0.001046,672,0.000802,672,0.000680,672,0.000680,672,0.000619,672,0.000436,656,0.000000,0,1075120
0.004768,3312,0.002022,2176,0.000985,624,0.000741,624,0.000680,624,0.000619,624,0.000558,624,0.000436,624,0.000000,288,1075360
0.003914,2944,0.001778,720,0.001046,720,0.000802,720,0.000741,720,0.000680,720,0.000680,704,0.000497,704,0.000000,224,1072736
0.003853,3024,0.001534,528,0.000802,528,0.000619,528,0.000558,528,0.000497,528,0.000497,528,0.000314,528,0.000000,0,1073808
0.004585,3360,0.002083,1840,0.001046,688,0.000802,688,0.000741,688,0.000680,688,0.000619,688,0.000497,688,0.000000,240,1074848
0.004768,3568,0.002327,3552,0.001229,768,0.000924,768,0.000802,768,0.000741,768,0.000741,768,0.000619,768,0.000192,480,1075056
0.003548,2752,0.001412,544,0.000802,544,0.000619,544,0.000558,544,0.000558,544,0.000497,544,0.000314,544,0.000000,0,1072544
0.004402,3216,0.002083,768,0.001168,768,0.000863,768,0.000802,768,0.000741,768,0.000741,768,0.000619,768,0.000192,496,1077568
0.004463,3248,0.002022,736,0.001107,736,0.000863,736,0.000741,736,0.000741,736,0.000680,736,0.000558,736,0.000000,176,1076384
0.004280,3184,0.001839,608,0.000924,608,0.000680,608,0.000619,608,0.000619,608,0.000558,608,0.000375,608,0.000000,0,1074064
0.004280,3216,0.001900,688,0.001046,688,0.000802,688,0.000680,688,0.000680,688,0.000619,688,0.000558,688,0.000131,304,1075472
0.005073,3696,0.002571,3696,0.001351,848,0.000985,848,0.000863,848,0.000802,848,0.000802,832,0.000680,832,0.000253,528,1076704
0.004585,3264,0.001961,1872,0.000985,624,0.000741,624,0.000619,624,0.000619,624,0.000558,624,0.000436,624,0.000000,0,1075072
0.004524,3280,0.002022,1456,0.000985,656,0.000741,656,0.000680,656,0.000619,656,0.000619,656,0.000436,656,0.000000,0,1077088
0.004585,3200,0.001961,624,0.000985,624,0.000741,624,0.000619,624,0.000619,624,0.000558,624,0.000375,624,0.000000,0,1077936
0.004707,3408,0.002205,2240,0.001168,768,0.000924,768,0.000802,768,0.000741,768,0.000741,768,0.000619,768,0.000253,592,1077632
0.003975,2992,0.001656,592,0.000863,592,0.000680,592,0.000619,592,0.000558,592,0.000558,592,0.000375,592,0.000000,0,1074240
0.004768,3344,0.002144,2192,0.001107,720,0.000863,720,0.000741,720,0.000680,720,0.000680,720,0.000558,720,0.000000,192,1076768
0.004097,3120,0.001717,608,0.000924,608,0.000680,608,0.000619,608,0.000619,608,0.000558,608,0.000436,608,0.000000,0,1075280
0.004829,3520,0.002205,3504,0.001107,688,0.000802,688,0.000741,688,0.000680,688,0.000619,688,0.000497,688,0.000000,192,1075664
0.004280,3072,0.001778,608,0.000924,608,0.000680,608,0.000619,608,0.000619,608,0.000558,608,0.000375,608,0.000000,0,1074352
0.004463,3232,0.002205,864,0.001290,864,0.000985,864,0.000863,864,0.000863,864,0.000802,864,0.000680,864,0.000314,528,1076032
0.004768,3408,0.002327,2208,0.001290,832,0.000985,832,0.000863,832,0.000802,832,0.000802,832,0.000680,832,0.000253,544,1074896
0.004341,3152,0.001839,608,0.000924,608,0.000680,608,0.000619,608,0.000619,608,0.000558,608,0.000375,608,0.000000,0,1076304
0.004951,3488,0.002388,3424,0.001229,784,0.000924,784,0.000802,784,0.000741,784,0.000741,784,0.000619,784,0.000253,576,1074752
0.004158,3120,0.002022,816,0.001168,816,0.000924,816,0.000863,816,0.000802,816,0.000741,816,0.000680,816,0.000253,560,1075056
0.004097,3072,0.001839,720,0.001046,720,0.000802,720,0.000741,720,0.000680,720,0.000680,720,0.000558,720,0.000000,112,1072256
0.004951,3568,0.002449,3552,0.001290,848,0.000985,848,0.000863,848,0.000863,848,0.000802,848,0.000680,848,0.000314,576,1074368
0.004646,3456,0.002144,2352,0.001107,688,0.000802,688,0.000741,688,0.000680,688,0.000619,688,0.000497,672,0.000000,0,1074544
0.004402,3216,0.001961,672,0.001046,672,0.000802,672,0.000680,672,0.000680,672,0.000619,672,0.000436,656,0.000000,0,1075552
0.003914,2992,0.001656,624,0.000924,624,0.000741,624,0.000619,624,0.000619,624,0.000558,624,0.000436,624,0.000000,0,1075424
0.003914,2976,0.001717,640,0.000924,640,0.000741,640,0.000680,640,0.000619,640,0.000558,640,0.000436,640,0.000000,0,1075600
0.004890,3584,0.002205,3584,0.000985,608,0.000741,608,0.000619,608,0.000619,608,0.000558,608,0.000375,608,0.000000,0,1076304
0.005012,3536,0.002388,3520,0.001168,752,0.000863,752,0.000802,752,0.000741,752,0.000680,752,0.000558,752,0.000000,224,1075328
0.003914,2960,0.001839,768,0.001107,768,0.000863,768,0.000802,768,0.000741,768,0.000741,768,0.000558,768,0.000000,128,1075280
0.003670,2752,0.001229,400,0.000619,400,0.000436,400,0.000436,400,0.000375,400,0.000314,400,0.000000,0,0.000000,0,1076672
0.004341,3120,0.001839,624,0.000924,624,0.000741,624,0.000619,624,0.000619,624,0.000558,624,0.000375,624,0.000000,0,1079664
0.004036,3024,0.001473,464,0.000741,464,0.000558,464,0.000497,464,0.000436,464,0.000375,464,0.000131,288,0.000000,0,1075776
0.002327,1808,0.001168,720,0.000863,720,0.000741,720,0.000680,720,0.000680,720,0.000680,720,0.000558,720,0.000000,176,1082000
0.001168,784,0.000924,784,0.000802,784,0.000741,784,0.000741,784,0.000741,784,0.000741,784,0.000680,784,0.000314,752,1087456
0.000802,512,0.000619,512,0.000558,512,0.000497,512,0.000497,512,0.000497,512,0.000436,512,0.000375,512,0.000000,0,1088144
0.001290,832,0.000985,832,0.000863,832,0.000802,832,0.000802,832,0.000802,832,0.000741,832,0.000680,832,0.000436,816,1090656
0.001351,832,0.000985,832,0.000863,832,0.000741,688,0.000680,688,0.000680,688,0.000619,688,0.000497,656,0.000000,208,1089488
0.004219,2800,0.003243,2800,0.002877,2800,0.002632,2800,0.001961,2800,0.001046,544,0.000680,544,0.000497,544,0.000000,288,1091696
0.004646,3024,0.003487,3024,0.003121,3024,0.002816,3024,0.002144,3024,0.000924,352,0.000497,352,0.000253,352,0.000000,0,1091408
0.004646,3024,0.003487,3024,0.003121,3024,0.002816,3024,0.002144,3024,0.001046,432,0.000619,432,0.000375,432,0.000000,0,1094912
0.004219,2736,0.003182,2736,0.002816,2736,0.002510,2736,0.001778,2736,0.000680,272,0.000375,272,0.000000,112,0.000000,0,1090112
0.004280,2912,0.003304,2912,0.002938,2912,0.002693,2912,0.002083,2912,0.001107,544,0.000741,544,0.000497,528,0.000000,0,1091760
0.004463,3008,0.003426,3008,0.003060,3008,0.002816,3008,0.002144,3008,0.001046,432,0.000619,432,0.000375,432,0.000000,0,1091488
0.004097,2768,0.003182,2768,0.002816,2768,0.002571,2768,0.001839,2768,0.000863,384,0.000497,384,0.000253,384,0.000000,0,1088736
0.004585,3136,0.003548,3136,0.003182,3136,0.002938,3136,0.002266,3136,0.000985,352,0.000497,352,0.000253,352,0.000000,0,1088880
0.004829,3248,0.003731,3248,0.003304,3248,0.003060,3248,0.002510,3248,0.001534,736,0.000985,736,0.000741,704,0.000314,640,1089888
0.004951,3392,0.003853,3392,0.003426,3392,0.003243,3392,0.002693,3392,0.001534,672,0.000924,672,0.000680,672,0.000314,672,1089792
0.005378,3584,0.004158,3584,0.003670,3584,0.003426,3584,0.002877,3584,0.001656,624,0.000924,624,0.000680,624,0.000253,624,1089232
0.004707,3136,0.003609,3136,0.003182,3136,0.002938,3136,0.002266,3136,0.000985,368,0.000497,368,0.000253,368,0.000000,0,1092560
0.004402,2944,0.003365,2944,0.002999,2944,0.002754,2944,0.002083,2944,0.001046,480,0.000619,480,0.000436,480,0.000000,0,1088880
0.004768,3216,0.003670,3216,0.003243,3216,0.003060,3216,0.002449,3216,0.001351,592,0.000802,592,0.000558,528,0.000000,176,1093808
0.004097,2720,0.003121,2720,0.002816,2720,0.002510,2720,0.001839,2720,0.000985,480,0.000619,480,0.000436,480,0.000000,0,1088576
0.004524,2992,0.003487,2992,0.003060,2992,0.002816,2992,0.002144,2992,0.001107,512,0.000680,512,0.000497,512,0.000000,272,1091376
0.004036,2768,0.003121,2768,0.002816,2768,0.002571,2768,0.001900,2768,0.001046,528,0.000680,528,0.000497,528,0.000000,256,1091808
0.005134,3424,0.003975,3424,0.003487,3424,0.003243,3424,0.002632,3424,0.001351,480,0.000680,480,0.000436,432,0.000000,0,1092192
0.004707,3312,0.003731,3312,0.003365,3312,0.003121,3312,0.002510,3312,0.001412,576,0.000802,576,0.000558,576,0.000192,576,1093696
0.004707,3168,0.003609,3168,0.003243,3168,0.002999,3168,0.002327,3168,0.001107,448,0.000619,448,0.000436,448,0.000000,0,1094208
0.004036,2736,0.003121,2736,0.002816,2736,0.002510,2736,0.001839,2736,0.000924,448,0.000558,448,0.000375,448,0.000000,0,1088496
0.005012,3424,0.003914,3424,0.003487,3424,0.003243,3424,0.002632,3424,0.001351,496,0.000741,496,0.000497,496,0.000000,176,1088768
0.004158,2880,0.003243,2880,0.002938,2880,0.002693,2880,0.002083,2880,0.001229,656,0.000863,656,0.000619,656,0.000192,480,1089472
0.004646,3088,0.003548,3088,0.003182,3088,0.002877,3088,0.002205,3088,0.000985,368,0.000497,368,0.000314,368,0.000000,0,1089712
0.004402,2880,0.003365,2880,0.002938,2880,0.002693,2880,0.002022,2880,0.001046,480,0.000619,480,0.000436,480,0.000000,0,1092192
0.004036,2656,0.003060,2656,0.002693,2656,0.002449,2656,0.001778,2656,0.000924,464,0.000619,464,0.000436,464,0.000000,0,1086464
0.004646,3136,0.003609,3136,0.003182,3136,0.002938,3136,0.002327,3136,0.001229,512,0.000741,512,0.000497,512,0.000000,240,1087600
0.005012,3376,0.003914,3376,0.003426,3376,0.003182,3376,0.002632,3376,0.001351,496,0.000741,496,0.000497,496,0.000000,240,1088480
0.003975,2720,0.003121,2720,0.002754,2720,0.002510,2720,0.001900,2720,0.001107,576,0.000741,576,0.000558,576,0.000192,576,1087840
0.004951,3200,0.003731,3200,0.003304,3200,0.003060,3200,0.002388,3200,0.001290,544,0.000741,544,0.000558,544,0.000192,544,1091904
0.003914,2624,0.002999,2624,0.002693,2624,0.002388,2624,0.001717,2624,0.000802,400,0.000497,400,0.000314,400,0.000000,0,1091472
0.005440,3696,0.004219,3696,0.003731,3696,0.003487,3696,0.002938,3696,0.001595,3680,0.000863,544,0.000558,512,0.000131,240,1093664
0.004036,2736,0.003121,2736,0.002816,2736,0.002510,2736,0.001900,2736,0.001046,528,0.000680,528,0.000497,528,0.000131,288,1091456
0.004768,3296,0.003731,3296,0.003365,3296,0.003121,3296,0.002510,3296,0.001351,544,0.000802,544,0.000558,544,0.000131,544,1094128
0.004646,3104,0.003609,3104,0.003182,3104,0.002938,3104,0.002327,3104,0.001229,544,0.000741,544,0.000558,544,0.000192,544,1088304
0.004951,3456,0.003914,3456,0.003487,3456,0.003243,3456,0.002754,3456,0.001595,704,0.000985,704,0.000741,704,0.000375,592,1093232
0.004951,3296,0.003792,3296,0.003365,3296,0.003121,3296,0.002510,3296,0.001290,496,0.000741,496,0.000497,496,0.000000,192,1089792
0.003853,2592,0.002938,2592,0.002632,2592,0.002388,2592,0.001656,2592,0.000802,416,0.000558,416,0.000375,416,0.000000,0,1090624
0.004646,3120,0.003609,3120,0.003182,3120,0.002938,3120,0.002327,3120,0.001168,496,0.000680,496,0.000497,496,0.000000,256,1089648
0.005684,4048,0.004524,4048,0.004097,4048,0.003853,4048,0.003365,4048,0.002022,4048,0.001046,624,0.000741,624,0.000375,624,1087920
0.004219,2816,0.003243,2816,0.002877,2816,0.002632,2816,0.002083,2816,0.001229,688,0.000863,688,0.000680,688,0.000314,512,1087648
0.004463,2960,0.003426,2960,0.003060,2960,0.002816,2960,0.002083,2960,0.000985,416,0.000558,416,0.000375,416,0.000000,0,1085984
0.004158,2880,0.003304,2880,0.002938,2880,0.002693,2880,0.001961,2880,0.000863,368,0.000497,368,0.000314,368,0.000000,0,1086704
0.004646,3152,0.003609,3152,0.003182,3152,0.002938,3152,0.002327,3152,0.001168,496,0.000680,496,0.000497,496,0.000000,192,1092400
0.004463,3040,0.003487,3040,0.003060,3040,0.002877,3040,0.002266,3040,0.001351,656,0.000863,656,0.000680,656,0.000314,560,1092432
0.008002,5568,0.006355,5568,0.005684,5568,0.005378,5568,0.005134,5568,0.004524,5568,0.003731,2896,0.003182,2896,0.002877,2896,1092048
0.007880,5616,0.006294,5616,0.005684,5616,0.005378,5616,0.005134,5616,0.004524,5616,0.003670,2800,0.003121,2800,0.002816,2800,1093440
0.007514,5216,0.005928,5216,0.005317,5216,0.005012,5216,0.004768,5216,0.004158,5216,0.003426,2768,0.002999,2768,0.002754,2768,1093264
0.007941,5696,0.006416,5696,0.005745,5696,0.005440,5696,0.005195,5696,0.004646,5696,0.003914,3136,0.003365,3136,0.003121,3136,1097024
0.011054,8272,0.009467,8272,0.008796,8272,0.008430,8272,0.008186,8272,0.007514,8272,0.005806,7360,0.004280,3024,0.003548,3024,1018992
0.013739,10608,0.012335,10608,0.011664,10608,0.011359,10608,0.010993,10608,0.009650,10608,0.007087,5472,0.005195,3584,0.004402,3584,959568
0.006416,4448,0.005134,4448,0.004585,4448,0.004219,4448,0.003792,3344,0.003487,3344,0.003304,3328,0.003243,3328,0.003182,3328,1059920
0.004585,3104,0.003609,3104,0.003182,3104,0.003060,3104,0.002938,3104,0.002938,3088,0.002877,3088,0.002877,3088,0.002877,3088,1073728
0.004036,2672,0.003121,2672,0.002754,2672,0.002632,2672,0.002571,2672,0.002510,2656,0.002510,2656,0.002510,2656,0.002449,2656,1074880
0.003853,2608,0.002999,2608,0.002693,2608,0.002571,2608,0.002510,2608,0.002449,2576,0.002449,2576,0.002388,2576,0.002388,2576,1072992
0.004646,3120,0.003609,3120,0.003243,3120,0.002999,3120,0.002816,3120,0.002449,2080,0.002205,2080,0.002083,2080,0.001961,2080,1075040
0.004341,2944,0.003426,2944,0.003060,2944,0.002816,2944,0.002022,2944,0.000741,256,0.000314,256,0.000000,96,0.000000,0,1073376
0.004158,2832,0.003243,2832,0.002938,2832,0.002693,2832,0.001961,2832,0.000863,352,0.000497,352,0.000253,352,0.000000,0,1073856
0.004280,2928,0.003365,2928,0.002999,2928,0.002754,2928,0.002144,2928,0.001107,480,0.000680,480,0.000436,480,0.000000,0,1073552
0.004158,2816,0.003243,2816,0.002938,2816,0.002632,2816,0.001961,2816,0.000863,368,0.000497,368,0.000253,368,0.000000,0,1071904
0.004829,3264,0.003792,3264,0.003365,3264,0.003121,3264,0.002571,3264,0.001412,560,0.000802,560,0.000497,512,0.000000,0,1074144
0.004707,3168,0.003670,3168,0.003304,3168,0.003060,3168,0.002388,3168,0.001229,496,0.000741,496,0.000436,496,0.000000,0,1073776
0.003548,2352,0.002754,2352,0.002449,2352,0.002144,2352,0.001412,2352,0.000619,304,0.000375,304,0.000131,304,0.000000,0,1071792
0.005256,3328,0.003975,3328,0.003487,3328,0.003243,3328,0.002632,3328,0.001534,656,0.000924,656,0.000680,656,0.000314,656,1073456
0.004890,3248,0.003792,3248,0.003365,3248,0.003121,3248,0.002571,3248,0.001412,608,0.000863,608,0.000558,560,0.000000,240,1073648
0.004524,2976,0.003487,2976,0.003121,2976,0.002816,2976,0.002205,2976,0.001107,480,0.000680,480,0.000436,480,0.000000,0,1073280
0.004158,2800,0.003243,2800,0.002877,2800,0.002632,2800,0.001961,2800,0.000985,464,0.000619,464,0.000375,464,0.000000,0,1074176
0.004463,3008,0.003487,3008,0.003121,3008,0.002877,3008,0.002205,3008,0.001107,480,0.000680,480,0.000436,480,0.000000,0,1073872
0.004768,3040,0.003609,3040,0.003182,3040,0.002938,3040,0.002327,3040,0.001290,576,0.000802,576,0.000558,576,0.000131,320,1073920
0.004890,3360,0.003853,3360,0.003487,3360,0.003243,3360,0.002632,3360,0.001412,512,0.000741,512,0.000436,480,0.000000,0,1073184
0.004158,2832,0.003243,2832,0.002938,2832,0.002693,2832,0.001961,2832,0.000924,400,0.000558,400,0.000314,400,0.000000,0,1074144
0.004646,2976,0.003487,2976,0.003121,2976,0.002877,2976,0.002266,2976,0.001229,576,0.000802,576,0.000558,576,0.000131,336,1073888
0.004768,3296,0.003792,3296,0.003365,3296,0.003182,3296,0.002571,3296,0.001351,528,0.000802,528,0.000497,528,0.000000,192,1073520
0.004951,3296,0.003853,3296,0.003426,3296,0.003182,3296,0.002632,3296,0.001656,768,0.001046,768,0.000802,768,0.000375,624,1073680
0.004036,2704,0.003121,2704,0.002816,2704,0.002571,2704,0.001900,2704,0.001046,528,0.000680,528,0.000497,528,0.000000,288,1072000
0.004341,2960,0.003426,2960,0.003060,2960,0.002816,2960,0.002205,2960,0.001107,480,0.000680,480,0.000436,480,0.000000,0,1072736
0.004097,2704,0.003182,2704,0.002816,2704,0.002571,2704,0.001900,2704,0.001046,512,0.000680,512,0.000497,512,0.000000,256,1072256
0.004707,3104,0.003609,3104,0.003243,3104,0.002999,3104,0.002327,3104,0.001229,512,0.000741,512,0.000497,512,0.000000,288,1073344
0.004768,3216,0.003731,3216,0.003304,3216,0.003060,3216,0.002449,3216,0.001290,496,0.000680,496,0.000375,416,0.000000,0,1074880
0.004402,2960,0.003426,2960,0.003060,2960,0.002816,2960,0.002144,2960,0.001107,464,0.000619,464,0.000436,464,0.000000,0,1073424
0.004646,3104,0.003609,3104,0.003243,3104,0.002999,3104,0.002327,3104,0.001168,480,0.000680,480,0.000497,480,0.000000,320,1073728
0.004768,3200,0.003731,3200,0.003304,3200,0.003060,3200,0.002449,3200,0.001290,496,0.000741,496,0.000497,496,0.000000,0,1074656
0.004890,3264,0.003792,3264,0.003365,3264,0.003121,3264,0.002571,3264,0.001473,656,0.000924,656,0.000680,656,0.000192,528,1073920
0.004646,3104,0.003609,3104,0.003182,3104,0.002999,3104,0.002388,3104,0.001290,560,0.000802,560,0.000558,560,0.000131,512,1074064
0.004585,2976,0.003487,2976,0.003121,2976,0.002816,2976,0.002205,2976,0.001107,464,0.000619,464,0.000436,464,0.000000,0,1074752
0.005134,3376,0.003975,3376,0.003487,3376,0.003243,3376,0.002632,3376,0.001351,480,0.000741,480,0.000497,480,0.000000,240,1073872
0.004707,3040,0.003548,3040,0.003182,3040,0.002938,3040,0.002266,3040,0.001168,480,0.000680,480,0.000436,480,0.000000,224,1074080
0.004707,3056,0.003609,3056,0.003182,3056,0.002938,3056,0.002327,3056,0.001351,640,0.000863,640,0.000619,640,0.000253,528,1073520
0.004524,2960,0.003487,2960,0.003060,2960,0.002816,2960,0.002205,2960,0.001229,592,0.000802,592,0.000619,592,0.000253,592,1073008
0.004585,3120,0.003609,3120,0.003243,3120,0.002999,3120,0.002327,3120,0.001168,480,0.000680,480,0.000497,480,0.000000,272,1072512
0.004097,2720,0.003182,2720,0.002816,2720,0.002571,2720,0.001839,2720,0.000863,400,0.000558,400,0.000314,400,0.000000,0,1073104
0.004524,2992,0.003487,2992,0.003121,2992,0.002877,2992,0.002205,2992,0.001107,448,0.000619,448,0.000375,400,0.000000,0,1072704
0.005012,3408,0.003914,3408,0.003548,3408,0.003304,3408,0.002693,3408,0.001473,560,0.000863,560,0.000619,560,0.000192,560,1072848
0.004707,3088,0.003609,3088,0.003182,3088,0.002938,3088,0.002388,3088,0.001351,608,0.000863,608,0.000619,608,0.000253,608,1073792
0.004219,2800,0.003243,2800,0.002877,2800,0.002632,2800,0.001961,2800,0.000863,368,0.000497,368,0.000314,368,0.000000,0,1072528
0.004280,2800,0.003243,2800,0.002877,2800,0.002632,2800,0.001961,2800,0.000863,352,0.000497,352,0.000253,352,0.000000,0,1073488
0.005012,3296,0.003853,3296,0.003426,3296,0.003182,3296,0.002571,3296,0.001412,544,0.000802,544,0.000558,544,0.000131,480,1074672
0.004951,3296,0.003853,3296,0.003426,3296,0.003182,3296,0.002571,3296,0.001290,464,0.000680,464,0.000436,464,0.000000,224,1073856
0.004280,2912,0.003365,2912,0.002999,2912,0.002754,2912,0.002144,2912,0.001107,512,0.000680,512,0.000497,512,0.000131,256,1073424
0.004524,2976,0.003487,2976,0.003121,2976,0.002816,2976,0.002144,2976,0.001046,416,0.000558,416,0.000375,416,0.000000,0,1074288
0.004463,3056,0.003487,3056,0.003121,3056,0.002938,3056,0.002327,3056,0.001412,672,0.000924,672,0.000680,672,0.000314,560,1073760
0.004524,2960,0.003487,2960,0.003060,2960,0.002816,2960,0.002144,2960,0.000985,384,0.000558,384,0.000314,384,0.000000,0,1073264
0.004768,3216,0.003731,3216,0.003304,3216,0.003060,3216,0.002510,3216,0.001473,656,0.000924,656,0.000680,656,0.000375,656,1073488
0.004829,3328,0.003792,3328,0.003426,3328,0.003182,3328,0.002632,3328,0.001534,656,0.000924,656,0.000680,656,0.000375,656,1074192
0.004829,3376,0.003853,3376,0.003487,3376,0.003243,3376,0.002632,3376,0.001412,544,0.000802,544,0.000558,544,0.000192,544,1074128
0.027530,12688,0.025577,11184,0.023807,10752,0.022099,9808,0.020817,8976,0.020024,8976,0.019536,8976,0.019109,8976,0.018743,8512,469520
0.010565,3952,0.010138,3936,0.008552,3904,0.002144,2096,0.000000,0,0.000000,0,0.000000,0,0.000000,0,0.000000,0,386864
0.140117,48848,0.138286,48624,0.137310,48624,0.136761,48624,0.135968,48624,0.134137,47872,0.129682,47088,0.121505,43216,0.112718,35376,356592
0.026004,10048,0.022709,9312,0.014532,6048,0.000000,0,0.000000,0,0.000000,0,0.000000,0,0.000000,0,0.000000,0,387296
0.011298,4240,0.011054,4224,0.010260,4176,0.006294,4176,0.000000,0,0.000000,0,0.000000,0,0.000000,0,0.000000,0,386992
0.148416,52176,0.146525,51952,0.145182,51920,0.143046,51824,0.138897,50064,0.133038,45760,0.125716,43424,0.117234,40528,0.109850,35648,359168
0.011298,4240,0.010443,4240,0.007514,3728,0.000000,0,0.000000,0,0.000000,0,0.000000,0,0.000000,0,0.000000,0,389520
0.026004,9728,0.025577,9728,0.025272,9712,0.024906,9680,0.023319,9664,0.019597,7904,0.016119,4800,0.014166,4800,0.013250,4800,387568
0.134869,47008,0.133161,46752,0.131818,46704,0.129560,46480,0.125289,44544,0.118759,40928,0.110582,37168,0.102832,32944,0.097279,32176,355568
0.011603,4336,0.011237,4336,0.009894,4320,0.004463,3008,0.000000,0,0.000000,0,0.000000,0,0.000000,0,0.000000,0,387936
0.148111,50576,0.146158,50368,0.145121,50368,0.144511,50352,0.143779,50352,0.141948,49712,0.137493,48480,0.129316,44384,0.120224,36976,349648
0.021611,8608,0.017278,7264,0.008918,2928,0.000000,0,0.000000,0,0.000000,0,0.000000,0,0.000000,0,0.000000,0,388288
0.012335,4608,0.012091,4608,0.011481,4608,0.008308,4576,0.000000,0,0.000000,0,0.000000,0,0.000000,0,0.000000,0,387488
0.084891,27856,0.083549,27824,0.081108,27744,0.076653,25440,0.070734,22176,0.061337,20592,0.041992,16800,0.024601,4672,0.018193,4672,335312
0.010932,4096,0.010138,4080,0.007148,3648,0.000000,0,0.000000,0,0.000000,0,0.000000,0,0.000000,0,0.000000,0,387280
0.016485,6048,0.016180,6032,0.015874,6016,0.014837,5968,0.010871,5952,0.005928,1136,0.003975,1072,0.003304,1072,0.003060,1072,380640
0.055844,17904,0.054014,17840,0.050047,16992,0.043762,12832,0.034731,11024,0.023136,4752,0.015508,3360,0.012335,3248,0.011054,3248,327600
0.011786,4416,0.011420,4384,0.010016,4352,0.004402,3232,0.000000,0,0.000000,0,0.000000,0,0.000000,0,0.000000,0,388064
0.053282,16240,0.052488,16240,0.051695,16224,0.050413,15648,0.047850,14816,0.040894,13984,0.028872,6496,0.020817,4624,0.017461,4624,312928
0.017949,7632,0.013250,4960,0.005440,2288,0.000000,0,0.000000,0,0.000000,0,0.000000,0,0.000000,0,0.000000,0,395600
0.011237,4192,0.010993,4160,0.010260,4144,0.006599,4128,0.000000,0,0.000000,0,0.000000,0,0.000000,0,0.000000,0,384768
0.073480,24224,0.072077,24176,0.069147,24080,0.063472,21008,0.054685,17344,0.041077,13200,0.026248,4624,0.018437,4624,0.015203,4192,336656
0.010749,5632,0.010138,5632,0.008063,5200,0.000863,1504,0.000000,0,0.000000,0,0.000000,0,0.000000,0,0.000000,0,538224
0.059994,21536,0.058468,21504,0.055051,20944,0.049864,16048,0.043762,14832,0.034486,12864,0.023319,4720,0.017278,4704,0.014837,4688,366080
0.009894,5296,0.008918,5008,0.005806,3824,0.000000,0,0.000000,0,0.000000,0,0.000000,0,0.000000,0,0.000000,0,536992
0.059445,22352,0.058346,22352,0.056089,22352,0.052488,18816,0.047301,17472,0.037965,14864,0.025577,5200,0.018437,5200,0.015325,4992,384704
0.011481,3952,0.008857,3520,0.002388,1600,0.000000,0,0.000000,0,0.000000,0,0.000000,0,0.000000,0,0.000000,0,384128
0.010749,4016,0.010504,4016,0.009711,4016,0.005684,3968,0.000000,0,0.000000,0,0.000000,0,0.000000,0,0.000000,0,387056
