id,random_512,lru_512,total_accesses_512,random_1024,lru_1024,random_2048,lru_2048,random_4096,lru_4096,random_8192,lru_8192,total_accesses
400.perlbench-41B_0,0:50816880,0
1:68140192,0
2:80008304,0
3:87710144,0
4:91563648,0
5:96851424,0
6:104399312,0
7:108849792,0
8:113422576,0
9:117434608,0
10:120384896,0
11:124004048,0
12:129444624,0
13:134008992,0
14:136457856,0
15:142576432,0
16:145143904,0
17:149558848,0
18:151195504,0
19:152573472,0
20:154511472,0
21:156534992,0
22:158644816,0
23:160297840,0
24:162485792,0
25:164984960,0
26:166139296,0
27:168043776,0
28:168859328,0
29:169699904,0
30:171406288,0
31:173582304,0
32:174022368,0
33:175337328,0
34:176090192,0
35:177173248,0
36:177923456,0
37:178414416,0
38:179187648,0
39:179701264,0
40:180685872,0
41:181954720,0
42:182633984,0
43:183221072,0
44:184228944,0
45:185006320,0
46:185895856,0
47:186678176,0
48:187673472,0
49:188631744,0
50:189130496,0
51:189581120,0
52:190286000,0
53:194230016,0
54:195381136,0
55:198325856,0
56:198857824,0
57:200498512,0
58:201092192,0
59:202483824,0
60:202778704,0
61:203835424,0
62:204275440,0
63:204935744,0
64:206091504,0
65:206630176,0
66:207136848,0
67:207948000,0
68:208510160,0
69:208800640,0
70:209311744,0
71:209787408,0
72:210270688,0
73:210629600,0
74:211063104,0
75:211352832,0
76:211727632,0
77:212116928,0
78:212420864,0
79:212934064,0
80:213235904,0
81:213482304,0
82:213663200,0
83:214049808,0
84:214684128,0
85:215402272,0
86:218137184,0
87:219193920,0
88:219444736,0
89:219648080,0
90:220062368,0
91:220463504,0
92:221478064,0
93:222134032,0
94:222853024,0
95:223181680,0
96:223674704,0
97:224149040,0
98:224715408,0
99:225172080,0
100:225502976,0
101:226060544,0
102:226605552,0
103:226907728,0
104:227115984,0
105:227292032,0
106:227556480,0
107:227727152,0
108:227905488,0
109:228181248,0
110:228440176,0
111:228700752,0
112:229015168,0
113:229278944,0
114:229640192,0
115:229828128,0
116:230003200,0
117:230231712,0
118:230539840,0
119:230736960,0
120:231010736,0
121:231134816,0
122:231340096,0
123:231481952,0
124:231808832,0
125:231902928,0
126:232019456,0
127:232171760,0
128:232432288,0
129:232580432,0
130:232705792,0
131:232840160,0
132:232984832,0
133:233117136,0
134:233259088,0
135:233344800,0
136:233431136,0
137:233510608,0
138:233607616,0
139:233733536,0
140:233838688,0
141:233907024,0
142:233966352,0
143:234019968,0
144:234065056,0
145:234105776,0
146:234159456,0
147:234203472,0
148:234239040,0
149:234274544,0
150:234317088,0
151:234362240,0
152:234411584,0
153:234451472,0
154:234490816,0
155:234528256,0
156:234563360,0
157:234596960,0
158:234632400,0
159:234663312,0
160:234733168,0
161:234816304,0
162:234899808,0
163:234958448,0
164:235008176,0
165:235044416,0
166:235081248,0
167:235119296,0
168:235154224,0
169:235184336,0
170:235215424,0
171:235247440,0
172:235277584,0
173:235307488,0
174:235336080,0
175:235365584,0
176:235394464,0
177:235425344,0
178:235452480,0
179:235472224,0
180:235493744,0
181:235515088,0
182:235539872,0
183:235562416,0
184:235585312,0
185:235605216,0
186:235622992,0
187:235641200,0
188:235661168,0
189:235682064,0
190:235705504,0
191:235731648,0
192:235773408,0
193:235816192,0
194:235854224,0
195:235898272,0
196:235922336,0
197:235947408,0
198:235975232,0
199:236002320,0
200:236029536,0
201:236057296,0
202:236080736,0
203:236101936,0
204:236122224,0
205:236148752,0
206:236173856,0
207:236197984,0
208:236223344,0
209:236245520,0
210:236269184,0
211:236303168,0
212:236329648,0
213:236346048,0
214:236361520,0
215:236377728,0
216:236393776,0
217:236410112,0
218:236428608,0
219:236446176,0
220:236462624,0
221:236478064,0
222:236495056,0
223:236510160,0
224:236539728,0
225:236563824,0
226:236589088,0
227:236614784,0
228:236640272,0
229:236664304,0
230:236690432,0
231:236710768,0
232:236732352,0
233:236753920,0
234:236775504,0
235:236797328,0
236:236824720,0
237:236847584,0
238:236865232,0
239:236881008,0
240:236895968,0
241:236910048,0
242:236923728,0
243:236939296,0
244:236953600,0
245:236970464,0
246:236990176,0
247:237018304,0
248:237035280,0
249:237051520,0
250:237068336,0
251:237085952,0
252:237097808,0
253:237111968,0
254:237125024,0
255:237135456,0
256:237157088,0
257:237178352,0
258:237196224,0
259:237216432,0
260:237237184,0
261:237257920,0
262:237274736,0
263:237292240,0
264:237306512,0
265:237322208,0
266:237338000,0
267:237356192,0
268:237374384,0
269:237393936,0
270:237415600,0
271:237434400,0
272:237454752,0
273:237471600,0
274:237484656,0
275:237499504,0
276:237520048,0
277:237537920,0
278:237551856,0
279:237564800,0
280:237579824,0
281:237595712,0
282:237608240,0
283:237618208,0
284:237630880,0
285:237643648,0
286:237657040,0
287:237669632,0
288:237689712,0
289:237721712,0
290:237750576,0
291:237770240,0
292:237790000,0
293:237804864,0
294:237829744,0
295:237846176,0
296:237860752,0
297:237877056,0
298:237892544,0
299:237906640,0
300:237920672,0
301:237933056,0
302:237943824,0
303:237953328,0
304:237963552,0
305:237974976,0
306:237990752,0
307:238009312,0
308:238024880,0
309:238035504,0
310:238045760,0
311:238056176,0
312:238068272,0
313:238077440,0
314:238088368,0
315:238098368,0
316:238105440,0
317:238111936,0
318:238118608,0
319:238125520,0
320:238151216,0
321:238164704,0
322:238177696,0
323:238191248,0
324:238206256,0
325:238217504,0
326:238227600,0
327:238238192,0
328:238247872,0
329:238258080,0
330:238269696,0
331:238285248,0
332:238302128,0
333:238315568,0
334:238328592,0
335:238336016,0
336:238342480,0
337:238349600,0
338:238355280,0
339:238365120,0
340:238381952,0
341:238392448,0
342:238400688,0
343:238406432,0
344:238412128,0
345:238416720,0
346:238422192,0
347:238426832,0
348:238431248,0
349:238438192,0
350:238447008,0
351:238454736,0
352:238465248,0
353:238472128,0
354:238477680,0
355:238485456,0
356:238520832,0
357:238539984,0
358:238544720,0
359:238549920,0
360:238554368,0
361:238559504,0
362:238564784,0
363:238568592,0
364:238573104,0
365:238577744,0
366:238581184,0
367:238586368,0
368:238591136,0
369:238596608,0
370:238601168,0
371:238605712,0
372:238609200,0
373:238612464,0
374:238616432,0
375:238619328,0
376:238622752,0
377:238626944,0
378:238630096,0
379:238632560,0
380:238635104,0
381:238638000,0
382:238641376,0
383:238643440,0
384:238648880,0
385:238656112,0
386:238660848,0
387:238665920,0
388:238670144,0
389:238676544,0
390:238682752,0
391:238690096,0
392:238700704,0
393:238707568,0
394:238716976,0
395:238729808,0
396:238754880,0
397:238760576,0
398:238766096,0
399:238771392,0
400:238776080,0
401:238780160,0
402:238785616,0
403:238791472,0
404:238794688,0
405:238797184,0
406:238799824,0
407:238802592,0
408:238805584,0
409:238809808,0
410:238812208,0
411:238814208,0
412:238816928,0
413:238819760,0
414:238822976,0
415:238826032,0
416:238833344,0
417:238845712,0
418:238853776,0
419:238857584,0
420:238861248,0
421:238865616,0
422:238868992,0
423:238872880,0
424:238880144,0
425:238896576,0
426:238900144,0
427:238904288,0
428:238908576,0
429:238910944,0
430:238913024,0
431:238915776,0
432:238920496,0
433:238923088~>0
434:238925120~>2032
435:238927120~>4032
436:238929680~>6592
437:238932032~>8944
438:238935728~>12640
439:238938480~>15392
440:238940736~>17648
441:238942880~>19792
442:238944432~>21344
443:238947264~>24176
444:238950864~>27776
445:238954336~>31248
446:238956800~>33712
447:238959264~>36176
448:238962544~>39456
449:238966432~>43344
450:238971392~>48304
451:238974512~>51424
452:238978944~>55856
453:238983568~>60480
454:238986416~>63328
455:238988976~>65888
456:238991232~>68144
457:238993184~>70096
458:238995952~>72864
459:238997872~>74784
460:239000800~>77712
461:239003072~>79984
462:239004736~>81648
463:239006576~>83488
464:239008160~>85072
465:239009536~>86448
466:239011568~>88480
467:239013200~>90112
468:239014640~>91552
469:239016176~>93088
470:239017424~>94336
471:239018304~>95216
472:239019776~>96688
473:239021424~>98336
474:239022336~>99248
475:239023152~>100064
476:239025056~>101968
477:239026208~>103120
478:239027216~>104128
479:239028528~>105440
480:239031664~>108576
481:239033648~>110560
482:239036224~>113136
483:239039456~>116368
484:239041040~>117952
485:239043536~>120448
486:239044640~>121552
487:239045600~>122512
488:239046912~>123824
489:239048384~>125296
490:239049392~>126304
491:239050976~>127888
492:239051984~>128896
493:239052960~>129872
494:239054432~>131344
495:239055984~>132896
496:239056960~>133872
497:239057648~>134560
498:239058560~>135472
499:239059504~>136416
500:239060464~>137376
501:239061312~>138224
502:239062224~>139136
503:239062992~>139904
504:239064464~>141376
505:239066112~>143024
506:239066928~>143840
507:239067936~>144848
508:239068704~>145616
509:239069312~>146224
510:239070000~>146912
511:239071440~>148352
512:239073936~>150848
513:239075376~>152288
514:239077792~>154704
515:239078912~>155824
516:239079968~>156880
517:239081104~>158016
518:239082240~>159152
519:239083152~>160064
520:239084944~>161856
521:239087408~>164320
522:239088272~>165184
523:239089600~>166512
524:239090256~>167168
525:239091056~>167968
526:239092816~>169728
527:239093696~>170608
528:239094672~>171584
529:239095152~>172064
530:239095744~>172656
531:239096128~>173040
532:239096688~>173600
533:239097040~>173952
534:239097952~>174864
535:239099808~>176720
536:239100704~>177616
537:239101696~>178608
538:239102448~>179360
539:239103072~>179984
540:239103520~>180432
541:239103904~>180816
542:239104768~>181680
543:239105552~>182464
544:239107216~>184128
545:239109024~>185936
546:239111168~>188080
547:239114432~>191344
548:239115968~>192880
549:239116576~>193488
550:239117168~>194080
551:239117696~>194608
552:239118384~>195296
553:239118912~>195824
554:239119648~>196560
555:239120096~>197008
556:239120464~>197376
557:239121264~>198176
558:239122192~>199104
559:239123664~>200576
560:239124288~>201200
561:239124592~>201504
562:239125728~>202640
563:239126336~>203248
564:239126848~>203760
565:239127216~>204128
566:239127952~>204864
567:239128112~>205024
568:239128640~>205552
569:239128800~>205712
570:239129184~>206096
571:239129568~>206480
572:239129696~>206608
573:239129792~>206704
574:239129888~>206800
575:239130368~>207280
576:239130432~>207344
577:239130512~>207424
578:239130656~>207568
579:239130784~>207696
580:239130960~>207872
581:239131232~>208144
582:239131712~>208624
583:239131984~>208896
584:239132656~>209568
585:239132832~>209744
586:239133072~>209984
587:239133552~>210464
588:239133904~>210816
589:239134368~>211280
590:239134912~>211824
591:239134992~>211904
592:239135472~>212384
593:239135744~>212656
594:239135840~>212752
595:239135872~>212784
596:239135936~>212848
597:239136256~>213168
598:239136304~>213216
599:239136448~>213360
600:239136576~>213488
601:239136704~>213616
602:239137184~>214096
603:239137792~>214704
604:239138064~>214976
605:239138304~>215216
606:239138496~>215408
607:239138544~>215456
608:239138720~>215632
609:239139344~>216256
610:239139984~>216896
611:239140128~>217040
612:239141248~>218160
613:239141968~>218880
614:239144544~>221456
615:239144832~>221744
616:239145024~>221936
617:239145168~>222080
618:239145328~>222240
619:239145536~>222448
620:239145664~>222576
621:239146016~>222928
622:239146144~>223056
623:239146704~>223616
624:239146944~>223856
625:239147296~>224208
626:239148224~>225136
627:239148608~>225520
628:239148976~>225888
629:239149376~>226288
630:239149824~>226736
631:239155024~>231936
632:239156592~>233504
633:239158368~>235280
634:239161744~>238656
635:239168176~>245088
636:239171408~>248320
637:239172064~>248976
638:239172240~>249152
639:239172800~>249712
640:239173472~>250384
641:239174144~>251056
642:239174160~>251072
643:239174432~>251344
644:239175360~>252272
645:239175856~>252768
646:239176208~>253120
647:239176384~>253296
648:239176768~>253680
649:239177536~>254448
650:239177696~>254608
651:239177936~>254848
652:239178176~>255088
653:239178320~>255232
654:239178400~>255312
655:239178544~>255456
656:239179088~>256000
657:239179520~>256432
658:239179600~>256512
659:239179648~>256560
660:239179664~>256576
661:239179904~>256816
662:239180560~>257472
663:239181072~>257984
664:239181520~>258432
665:239181584~>258496
666:239182000~>258912
667:239182256~>259168
668:239182352~>259264
669:239182528~>259440
670:239182768~>259680
671:239183472~>260384
672:239183664~>260576
673:239183888~>260800
674:239184176~>261088
675:239185088~>262000
676:239186880~>263792
677:239188992~>265904
678:239192304~>269216
679:239197024~>273936
680:239199488~>276400
681:239217344~>294256
682:239227280~>304192
683:239257392~>334304
684:239315344~>392256
685:239317296~>394208
686:239318736~>395648
687:239320080~>396992
688:239322432~>399344
689:239324800~>401712
690:239326160~>403072
691:239328816~>405728
692:239330624~>407536
693:239332528~>409440
694:239335568~>412480
695:239336880~>413792
696:239339760~>416672
697:239342688~>419600
698:239345408~>422320
699:239348432~>425344
700:239350912~>427824
701:239376048~>452960
702:239402704~>479616
703:239404240~>481152
704:239408144~>485056
705:239412384~>489296
706:239418544~>495456
707:239425888~>502800
708:239433952~>510864
709:239465760~>542672
710:239483104~>560016
711:239483120~>560032
712:239483120~>560032
713:239483136~>560048
714:239483248~>560160
715:239484064~>560976
716:239486608~>563520
717:239486848~>563760
718:239486848~>563760
719:239486880~>563792
720:239486896~>563808
721:239486896~>563808
722:239486912~>563824
723:239486928~>563840
724:239487344~>564256
725:239488432~>565344
726:239488432~>565344
727:239488448~>565360
728:239488448~>565360
729:239488480~>565392
730:239488480~>565392
731:239488480~>565392
732:239488528~>565440
733:239488528~>565440
734:239488528~>565440
735:239488528~>565440
736:239488528~>565440
737:239488576~>565488
738:239492192~>569104
739:239492240~>569152
740:239492352~>569264
741:239494064~>570976
742:239494064~>570976
743:239494064~>570976
744:239494064~>570976
745:239494064~>570976
746:239494064~>570976
747:239494064~>570976
748:239494064~>570976
749:239494144~>571056
750:239494160~>571072
751:239494160~>571072
752:239494176~>571088
753:239494176~>571088
754:239494176~>571088
755:239494176~>571088
756:239494176~>571088
757:239494176~>571088
758:239494176~>571088
759:239494176~>571088
760:239494192~>571104
761:239494192~>571104
762:239494192~>571104
763:239494416~>571328
764:239494416~>571328
765:239494416~>571328
766:239494416~>571328
767:239494416~>571328
768:239494416~>571328
769:239494416~>571328
770:239494416~>571328
771:239494416~>571328
772:239494416~>571328
773:239494416~>571328
774:239494416~>571328
775:239494416~>571328
776:239494416~>571328
777:239494416~>571328
778:239494416~>571328
779:239494416~>571328
780:239494416~>571328
781:239494416~>571328
782:239494416~>571328
783:239494416~>571328
784:239494416~>571328
785:239494416~>571328
786:239494416~>571328
787:239494416~>571328
788:239494416~>571328
789:239494416~>571328
790:239494416~>571328
791:239494416~>571328
792:239494416~>571328
793:239494416~>571328
794:239494416~>571328
795:239494416~>571328
796:239494416~>571328
797:239494416~>571328
798:239494416~>571328
799:239494416~>571328
800:239494416~>571328
801:239494416~>571328
802:239494416~>571328
803:239494416~>571328
804:239494416~>571328
805:239494416~>571328
806:239494416~>571328
807:239494416~>571328
808:239494416~>571328
809:239494416~>571328
810:239494416~>571328
811:239494416~>571328
812:239494416~>571328
813:239494416~>571328
814:239494416~>571328
815:239494416~>571328
816:239494416~>571328
817:239494416~>571328
818:239494416~>571328
819:239494416~>571328
820:239494416~>571328
821:239494416~>571328
822:239494416~>571328
823:239494416~>571328
824:239494416~>571328
825:239494416~>571328
826:239494416~>571328
827:239494416~>571328
828:239494416~>571328
829:239494416~>571328
830:239494416~>571328
831:239494416~>571328
832:239494416~>571328
833:239494416~>571328
834:239494416~>571328
835:239494416~>571328
836:239494416~>571328
837:239494416~>571328
838:239494416~>571328
839:239494416~>571328
840:239494416~>571328
841:239494416~>571328
842:239494416~>571328
843:239494416~>571328
844:239494416~>571328
845:239494416~>571328
846:239494416~>571328
847:239494416~>571328
848:239494416~>571328
849:239494416~>571328
850:239494416~>571328
851:239494416~>571328
852:239494416~>571328
853:239494416~>571328
854:239494416~>571328
855:239494416~>571328
856:239494416~>571328
857:239494416~>571328
858:239494416~>571328
859:239494416~>571328
860:239494416~>571328
861:239494416~>571328
862:239494416~>571328
863:239494416~>571328
864:239494416~>571328
865:239494416~>571328
866:239494416~>571328
867:239494416~>571328
868:239494416~>571328
869:239494416~>571328
870:239494416~>571328
871:239494416~>571328
872:239494416~>571328
873:239494416~>571328
874:239494416~>571328
875:239494416~>571328
876:239494416~>571328
877:239494416~>571328
878:239494416~>571328
879:239494416~>571328
880:239494416~>571328
881:239494416~>571328
882:239494416~>571328
883:239494416~>571328
884:239494416~>571328
885:239494416~>571328
886:239494416~>571328
887:239494416~>571328
888:239494416~>571328
889:239494416~>571328
890:239494416~>571328
891:239494416~>571328
892:239494416~>571328
893:239494416~>571328
894:239494416~>571328
895:239494416~>571328
tta: 239494416
1.000000,1,0,
1.000000,1,1.000000,1,0.997246,1,0.978572,1,571328
400.perlbench-41B_436,tta: 80637776
0:17361520,0
1:23385120,0
2:27588864,0
3:30180352,0
4:32009008,0
5:33856656,0
6:36285664,0
7:38146496,0
8:39728704,0
9:41106784,0
10:42438784,0
11:43749872,0
12:45324304,0
13:46610848,0
14:47560160,0
15:49118480,0
16:49953600,0
17:51095472,0
18:51731040,0
19:52174288,0
20:52743312,0
21:53277248,0
22:53824912,0
23:54291664,0
24:54868000,0
25:55482368,0
26:55817888,0
27:56306384,0
28:56574288,0
29:56847616,0
30:57288304,0
31:57779392,0
32:57961312,0
33:58300016,0
34:58506944,0
35:58786288,0
36:59044240,0
37:59215232,0
38:59439568,0
39:59600528,0
40:59916240,0
41:60211696,0
42:60423680,0
43:60575984,0
44:60825424,0
45:61040688,0
46:61255408,0
47:61429424,0
48:61589888,0
49:61777296,0
50:61907360,0
51:62042176,0
52:62218016,0
53:63133728,0
54:63369328,0
55:63971408,0
56:64106448,0
57:64511856,0
58:64670288,0
59:64970576,0
60:65068480,0
61:65238400,0
62:65375664,0
63:65527600,0
64:65847104,0
65:66031440,0
66:66228640,0
67:66473120,0
68:66733584,0
69:66881296,0
70:67059840,0
71:67260592,0
72:67475344,0
73:67621632,0
74:67760624,0
75:67871984,0
76:68004736,0
77:68139088,0
78:68252064,0
79:68398496,0
80:68517248,0
81:68631600,0
82:68726320,0
83:68855136,0
84:69021680,0
85:69249904,0
86:69821104,0
87:70078208,0
88:70185456,0
89:70282016,0
90:70408128,0
91:70534784,0
92:70818064,0
93:70985920,0
94:71157200,0
95:71251120,0
96:71395520,0
97:71546032,0
98:71740672,0
99:71898688,0
100:72025344,0
101:72178736,0
102:72339632,0
103:72482544,0
104:72578736,0
105:72665920,0
106:72771072,0
107:72862512,0
108:72960224,0
109:73069040,0
110:73185184,0
111:73302448,0
112:73411216,0
113:73513312,0
114:73648560,0
115:73739360,0
116:73828512,0
117:73930736,0
118:74061152,0
119:74149104,0
120:74244640,0
121:74310784,0
122:74384752,0
123:74444960,0
124:74534224,0
125:74588912,0
126:74639120,0
127:74694832,0
128:74805040,0
129:74897696,0
130:74978848,0
131:75063120,0
132:75154640,0
133:75234384,0
134:75302720,0
135:75358768,0
136:75417680,0
137:75471152,0
138:75532128,0
139:75595616,0
140:75650384,0
141:75700752,0
142:75748688,0
143:75794960,0
144:75838832,0
145:75877472,0
146:75920640,0
147:75955392,0
148:75985088,0
149:76015840,0
150:76051904,0
151:76085104,0
152:76121536,0
153:76155520,0
154:76185136,0
155:76212832,0
156:76243840,0
157:76272896,0
158:76301168,0
159:76326768,0
160:76383888,0
161:76438176,0
162:76497744,0
163:76545456,0
164:76583152,0
165:76612192,0
166:76641440,0
167:76669232,0
168:76696704,0
169:76720304,0
170:76745088,0
171:76770656,0
172:76794192,0
173:76816912,0
174:76837184,0
175:76857808,0
176:76877680,0
177:76895104,0
178:76912432,0
179:76927312,0
180:76943248,0
181:76960848,0
182:76978224,0
183:76995888,0
184:77013600,0
185:77030304,0
186:77046640,0
187:77064496,0
188:77085856,0
189:77106912,0
190:77129280,0
191:77150336,0
192:77191104,0
193:77226592,0
194:77257632,0
195:77281632,0
196:77303200,0
197:77326608,0
198:77351392,0
199:77373664,0
200:77400448,0
201:77422656,0
202:77441296,0
203:77456368,0
204:77471072,0
205:77493264,0
206:77516128,0
207:77540048,0
208:77565024,0
209:77586304,0
210:77605776,0
211:77630576,0
212:77650224,0
213:77669056,0
214:77684928,0
215:77700288,0
216:77716400,0
217:77732288,0
218:77750272,0
219:77766096,0
220:77782592,0
221:77798736,0
222:77814416,0
223:77829904,0
224:77856784,0
225:77881440,0
226:77904224,0
227:77926304,0
228:77947600,0
229:77967904,0
230:77990848,0
231:78012880,0
232:78034848,0
233:78060384,0
234:78083824,0
235:78108320,0
236:78142416,0
237:78175824,0
238:78198672,0
239:78217856,0
240:78234864,0
241:78248960,0
242:78264400,0
243:78278416,0
244:78292608,0
245:78308912,0
246:78327104,0
247:78351824,0
248:78372656,0
249:78390288,0
250:78408000,0
251:78429904,0
252:78445888,0
253:78462848,0
254:78480320,0
255:78497008,0
256:78521040,0
257:78541936,0
258:78559312,0
259:78577952,0
260:78595136,0
261:78610640,0
262:78627024,0
263:78645152,0
264:78662096,0
265:78678784,0
266:78692992,0
267:78709072,0
268:78726480,0
269:78747648,0
270:78768784,0
271:78783232,0
272:78799824,0
273:78814432,0
274:78825248,0
275:78837152,0
276:78850320,0
277:78862208,0
278:78874000,0
279:78884992,0
280:78897840,0
281:78909952,0
282:78918880,0
283:78926880,0
284:78938016,0
285:78948656,0
286:78960240,0
287:78971952,0
288:78991584,0
289:79009760,0
290:79030016,0
291:79061728,0
292:79087104,0
293:79102576,0
294:79115776,0
295:79129104,0
296:79141264,0
297:79151776,0
298:79162464,0
299:79173648,0
300:79184448,0
301:79195104,0
302:79208496,0
303:79219424,0
304:79229200,0
305:79239728,0
306:79250000,0
307:79258816,0
308:79266464,0
309:79274752,0
310:79282416,0
311:79291056,0
312:79299968,0
313:79307520,0
314:79317488,0
315:79327936,0
316:79335872,0
317:79344608,0
318:79352880,0
319:79361104,0
320:79380672,0
321:79397712,0
322:79417120,0
323:79432272,0
324:79447536,0
325:79467984,0
326:79483776,0
327:79496400,0
328:79510736,0
329:79524304,0
330:79534928,0
331:79549728,0
332:79564368,0
333:79578192,0
334:79590352,0
335:79600352,0
336:79613440,0
337:79623792,0
338:79632704,0
339:79642240,0
340:79649808,0
341:79656176,0
342:79660880,0
343:79666672,0
344:79671392,0
345:79678032,0
346:79684080,0
347:79688576,0
348:79694592,0
349:79702064,0
350:79713600,0
351:79719760,0
352:79729472,0
353:79736432,0
354:79745296,0
355:79753312,0
356:79761344,0
357:79767392,0
358:79773456,0
359:79779744,0
360:79783824,0
361:79787744,0
362:79792352,0
363:79797120,0
364:79801744,0
365:79807120,0
366:79811952,0
367:79816128,0
368:79820816,0
369:79826960,0
370:79837904,0
371:79846976,0
372:79851360,0
373:79857392,0
374:79864000,0
375:79868256,0
376:79870880,0
377:79873824,0
378:79877216,0
379:79886144,0
380:79890224,0
381:79894448,0
382:79896992,0
383:79899840,0
384:79908624,0
385:79920368,0
386:79926880,0
387:79932256,0
388:79939984,0
389:79947440,0
390:79953040,0
391:79958352,0
392:79962080,0
393:79966160,0
394:79970128,0
395:79974048,0
396:79977824,0
397:79981072,0
398:79983296,0
399:79986160,0
400:79989328,0
401:79992256,0
402:79995552,0
403:79998560,0
404:80001584,0
405:80005056,0
406:80007184,0
407:80010192,0
408:80012416,0
409:80015392,0
410:80017600,0
411:80019744,0
412:80021792,0
413:80023648,0
414:80025184,0
415:80027728,0
416:80033408,0
417:80036992,0
418:80040512,0
419:80043808,0
420:80046112,0
421:80048080,0
422:80050992,0
423:80053280,0
424:80055568,0
425:80058416,0
426:80061472,0
427:80064496,0
428:80068640,0
429:80070880,0
430:80074304,0
431:80075664,0
432:80077632,0
433:80081136,0
434:80084448,0
435:80086176,0
436:80088000,0
437:80091008,0
438:80093552,0
439:80095168,0
440:80096880,0
441:80098672,0
442:80101888,0
443:80105456,0
444:80107200,0
445:80108848,0
446:80110528,0
447:80112160,0
448:80115872,0
449:80117952,0
450:80120752,0
451:80123936,0
452:80126288,0
453:80127952,0
454:80130320,0
455:80132480,0
456:80134400,0
457:80136480,0
458:80139264,0
459:80141360,0
460:80143680,0
461:80145088,0
462:80147280,0
463:80148144,0
464:80149728,0
465:80151168,0
466:80151952,0
467:80153648,0
468:80155312,0
469:80157696,0
470:80158944,0
471:80159568,0
472:80160480,0
473:80161840,0
474:80163040,0
475:80163536,0
476:80164320,0
477:80165568,0
478:80167680,0
479:80168320,0
480:80169984,0
481:80171552,0
482:80172672,0
483:80174080,0
484:80174848,0
485:80176224,0
486:80177296,0
487:80178304,0
488:80179312,0
489:80180592,0
490:80181360,0
491:80182240,0
492:80182720,0
493:80183328,0
494:80184208,0
495:80185040,0
496:80185680,0
497:80186528,0
498:80187152,0
499:80187648,0
500:80188384,0
501:80189472,0
502:80190800,0
503:80191216,0
504:80191904,0
505:80192480,0
506:80193008,0
507:80195776,0
508:80196128,0
509:80196672,0
510:80197184,0
511:80197760,0
512:80198464,0
513:80199040,0
514:80199920,0
515:80200672,0
516:80201408,0
517:80201968,0
518:80203280~>0
519:80204000~>720
520:80204944~>1664
521:80205872~>2592
522:80208208~>4928
523:80208992~>5712
524:80210736~>7456
525:80211264~>7984
526:80212032~>8752
527:80212576~>9296
528:80214368~>11088
529:80218448~>15168
530:80220448~>17168
531:80222048~>18768
532:80223664~>20384
533:80224848~>21568
534:80225456~>22176
535:80226096~>22816
536:80226576~>23296
537:80227280~>24000
538:80228704~>25424
539:80230384~>27104
540:80231408~>28128
541:80232976~>29696
542:80233776~>30496
543:80234304~>31024
544:80235152~>31872
545:80236080~>32800
546:80236976~>33696
547:80238080~>34800
548:80238672~>35392
549:80239232~>35952
550:80240128~>36848
551:80240608~>37328
552:80241456~>38176
553:80242048~>38768
554:80242624~>39344
555:80243392~>40112
556:80244112~>40832
557:80244624~>41344
558:80245264~>41984
559:80245504~>42224
560:80246288~>43008
561:80246800~>43520
562:80247536~>44256
563:80248288~>45008
564:80249248~>45968
565:80250080~>46800
566:80250448~>47168
567:80251248~>47968
568:80251568~>48288
569:80252512~>49232
570:80252688~>49408
571:80253504~>50224
572:80253728~>50448
573:80253904~>50624
574:80254432~>51152
575:80254832~>51552
576:80255600~>52320
577:80256496~>53216
578:80256720~>53440
579:80257200~>53920
580:80257408~>54128
581:80257712~>54432
582:80258160~>54880
583:80258480~>55200
584:80258656~>55376
585:80258816~>55536
586:80259440~>56160
587:80259520~>56240
588:80259632~>56352
589:80259904~>56624
590:80260192~>56912
591:80260400~>57120
592:80260480~>57200
593:80260608~>57328
594:80260896~>57616
595:80262016~>58736
596:80262144~>58864
597:80262368~>59088
598:80262480~>59200
599:80262864~>59584
600:80263040~>59760
601:80263328~>60048
602:80263376~>60096
603:80263616~>60336
604:80263712~>60432
605:80263936~>60656
606:80264544~>61264
607:80265184~>61904
608:80265776~>62496
609:80266064~>62784
610:80266464~>63184
611:80266800~>63520
612:80267664~>64384
613:80268240~>64960
614:80268624~>65344
615:80269936~>66656
616:80270432~>67152
617:80271408~>68128
618:80272256~>68976
619:80272832~>69552
620:80273568~>70288
621:80274512~>71232
622:80275072~>71792
623:80276080~>72800
624:80276512~>73232
625:80277648~>74368
626:80278928~>75648
627:80279792~>76512
628:80280720~>77440
629:80281568~>78288
630:80282544~>79264
631:80284528~>81248
632:80285408~>82128
633:80286256~>82976
634:80289328~>86048
635:80307264~>103984
636:80320864~>117584
637:80334080~>130800
638:80342112~>138832
639:80352784~>149504
640:80410272~>206992
641:80450048~>246768
642:80465936~>262656
643:80502480~>299200
644:80535824~>332544
645:80540112~>336832
646:80546304~>343024
647:80551584~>348304
648:80557024~>353744
649:80564960~>361680
650:80570544~>367264
651:80578944~>375664
652:80604128~>400848
653:80616768~>413488
654:80624864~>421584
655:80624928~>421648
656:80624992~>421712
657:80625008~>421728
658:80625024~>421744
659:80625024~>421744
660:80625104~>421824
661:80625120~>421840
662:80625120~>421840
663:80625120~>421840
664:80625136~>421856
665:80625136~>421856
666:80625136~>421856
667:80625136~>421856
668:80625152~>421872
669:80625296~>422016
670:80625632~>422352
671:80625936~>422656
672:80626016~>422736
673:80626240~>422960
674:80626288~>423008
675:80626336~>423056
676:80627360~>424080
677:80627952~>424672
678:80630032~>426752
679:80631264~>427984
680:80632720~>429440
681:80632752~>429472
682:80632784~>429504
683:80632912~>429632
684:80633056~>429776
685:80633056~>429776
686:80633056~>429776
687:80633056~>429776
688:80633056~>429776
689:80633056~>429776
690:80633056~>429776
691:80633056~>429776
692:80633088~>429808
693:80633152~>429872
694:80633584~>430304
695:80633808~>430528
696:80634544~>431264
697:80634656~>431376
698:80634704~>431424
699:80634704~>431424
700:80634704~>431424
701:80634704~>431424
702:80634704~>431424
703:80634704~>431424
704:80634704~>431424
705:80634704~>431424
706:80634704~>431424
707:80635136~>431856
708:80635344~>432064
709:80635360~>432080
710:80635360~>432080
711:80635360~>432080
712:80635360~>432080
713:80635360~>432080
714:80635360~>432080
715:80635360~>432080
716:80635440~>432160
717:80635536~>432256
718:80636752~>433472
719:80636752~>433472
720:80636752~>433472
721:80636752~>433472
722:80636752~>433472
723:80636768~>433488
724:80636816~>433536
725:80636944~>433664
726:80636944~>433664
727:80636944~>433664
728:80636944~>433664
729:80636944~>433664
730:80636944~>433664
731:80636944~>433664
732:80636944~>433664
733:80636944~>433664
734:80636944~>433664
735:80636944~>433664
736:80636960~>433680
737:80636992~>433712
738:80637008~>433728
739:80637056~>433776
740:80637104~>433824
741:80637200~>433920
742:80637408~>434128
743:80637472~>434192
744:80637536~>434256
745:80637536~>434256
746:80637600~>434320
747:80637600~>434320
748:80637600~>434320
749:80637600~>434320
750:80637600~>434320
751:80637616~>434336
752:80637616~>434336
753:80637680~>434400
754:80637680~>434400
755:80637680~>434400
756:80637728~>434448
757:80637728~>434448
758:80637744~>434464
759:80637744~>434464
760:80637744~>434464
761:80637744~>434464
762:80637744~>434464
763:80637744~>434464
764:80637744~>434464
765:80637744~>434464
766:80637744~>434464
767:80637760~>434480
768:80637760~>434480
769:80637760~>434480
770:80637776~>434496
771:80637776~>434496
772:80637776~>434496
773:80637776~>434496
774:80637776~>434496
775:80637776~>434496
776:80637776~>434496
777:80637776~>434496
778:80637776~>434496
779:80637776~>434496
780:80637776~>434496
781:80637776~>434496
782:80637776~>434496
783:80637776~>434496
784:80637776~>434496
785:80637776~>434496
786:80637776~>434496
787:80637776~>434496
788:80637776~>434496
789:80637776~>434496
790:80637776~>434496
791:80637776~>434496
792:80637776~>434496
793:80637776~>434496
794:80637776~>434496
795:80637776~>434496
796:80637776~>434496
797:80637776~>434496
798:80637776~>434496
799:80637776~>434496
800:80637776~>434496
801:80637776~>434496
802:80637776~>434496
803:80637776~>434496
804:80637776~>434496
805:80637776~>434496
806:80637776~>434496
807:80637776~>434496
808:80637776~>434496
809:80637776~>434496
810:80637776~>434496
811:80637776~>434496
812:80637776~>434496
813:80637776~>434496
814:80637776~>434496
815:80637776~>434496
816:80637776~>434496
817:80637776~>434496
818:80637776~>434496
819:80637776~>434496
820:80637776~>434496
821:80637776~>434496
822:80637776~>434496
823:80637776~>434496
824:80637776~>434496
825:80637776~>434496
826:80637776~>434496
827:80637776~>434496
828:80637776~>434496
829:80637776~>434496
830:80637776~>434496
831:80637776~>434496
832:80637776~>434496
833:80637776~>434496
834:80637776~>434496
835:80637776~>434496
836:80637776~>434496
837:80637776~>434496
838:80637776~>434496
839:80637776~>434496
840:80637776~>434496
841:80637776~>434496
842:80637776~>434496
843:80637776~>434496
844:80637776~>434496
845:80637776~>434496
846:80637776~>434496
847:80637776~>434496
848:80637776~>434496
849:80637776~>434496
850:80637776~>434496
851:80637776~>434496
852:80637776~>434496
853:80637776~>434496
854:80637776~>434496
855:80637776~>434496
856:80637776~>434496
857:80637776~>434496
858:80637776~>434496
859:80637776~>434496
860:80637776~>434496
861:80637776~>434496
862:80637776~>434496
863:80637776~>434496
864:80637776~>434496
865:80637776~>434496
866:80637776~>434496
867:80637776~>434496
868:80637776~>434496
869:80637776~>434496
870:80637776~>434496
871:80637776~>434496
872:80637776~>434496
873:80637776~>434496
874:80637776~>434496
875:80637776~>434496
876:80637776~>434496
877:80637776~>434496
878:80637776~>434496
879:80637776~>434496
880:80637776~>434496
881:80637776~>434496
882:80637776~>434496
883:80637776~>434496
884:80637776~>434496
885:80637776~>434496
886:80637776~>434496
887:80637776~>434496
888:80637776~>434496
889:80637776~>434496
890:80637776~>434496
891:80637776~>434496
892:80637776~>434496
893:80637776~>434496
894:80637776~>434496
895:80637776~>434496
0.006111,434496,0,
1.000000,1,1.000000,1,1.000000,1,1.000000,1,434496
400.perlbench-50B_0,tta: 287013392
0:58283520,0
1:75532816,0
2:90125408,0
3:99591984,0
4:106796880,0
5:112411216,0
6:121351264,0
7:126197760,0
8:131575056,0
9:135511488,0
10:140514144,0
11:144822624,0
12:151242992,0
13:157597184,0
14:163402032,0
15:169243760,0
16:175885728,0
17:178697648,0
18:180814560,0
19:183877344,0
20:186449824,0
21:187623808,0
22:189299152,0
23:192463840,0
24:194391968,0
25:197607648,0
26:199390544,0
27:200636048,0
28:201769056,0
29:202847264,0
30:205558016,0
31:207079184,0
32:207703696,0
33:209126448,0
34:210551184,0
35:211503008,0
36:212029744,0
37:213336976,0
38:214147248,0
39:216416256,0
40:217794080,0
41:218888496,0
42:219300672,0
43:220179264,0
44:221111520,0
45:222584000,0
46:223321824,0
47:224097168,0
48:224916672,0
49:225509184,0
50:226126736,0
51:226498512,0
52:231564272,0
53:232390304,0
54:235316288,0
55:235943072,0
56:237704112,0
57:238697296,0
58:240172000,0
59:240678704,0
60:241757776,0
61:242405440,0
62:243342768,0
63:243758448,0
64:244572960,0
65:245151504,0
66:245771088,0
67:246881008,0
68:247431792,0
69:248055696,0
70:248540048,0
71:249032032,0
72:249527264,0
73:250059232,0
74:250546496,0
75:250986208,0
76:251570048,0
77:252059328,0
78:252541888,0
79:253028400,0
80:253317472,0
81:253621216,0
82:254139664,0
83:254826912,0
84:255511776,0
85:258948928,0
86:259951904,0
87:260321728,0
88:260730176,0
89:261035872,0
90:261568240,0
91:262355792,0
92:263206928,0
93:264037248,0
94:264453856,0
95:264777952,0
96:265289232,0
97:265998160,0
98:266610032,0
99:267092208,0
100:267585344,0
101:268251360,0
102:268758816,0
103:269132816,0
104:269393312,0
105:269646496,0
106:269917488,0
107:270136544,0
108:270388896,0
109:270683712,0
110:270978512,0
111:271307680,0
112:271719344,0
113:272024576,0
114:272354880,0
115:272601168,0
116:272857952,0
117:273099472,0
118:273439152,0
119:273780096,0
120:274072208,0
121:274276432,0
122:274551312,0
123:274874384,0
124:275101088,0
125:275259408,0
126:275415664,0
127:275683584,0
128:275987680,0
129:276209584,0
130:276424624,0
131:276642928,0
132:276871376,0
133:277097408,0
134:277270016,0
135:277393536,0
136:277528896,0
137:277677152,0
138:277808816,0
139:278019504,0
140:278239168,0
141:278351216,0
142:278432768,0
143:278517312,0
144:278600944,0
145:278683888,0
146:278767696,0
147:278835360,0
148:278893248,0
149:278946912,0
150:279008704,0
151:279073712,0
152:279141776,0
153:279200976,0
154:279256640,0
155:279309776,0
156:279360912,0
157:279406960,0
158:279451344,0
159:279501616,0
160:279603296,0
161:279706400,0
162:279816704,0
163:279905120,0
164:279977312,0
165:280037936,0
166:280099616,0
167:280155808,0
168:280207728,0
169:280253936,0
170:280300112,0
171:280346512,0
172:280394848,0
173:280446928,0
174:280492352,0
175:280537712,0
176:280580400,0
177:280616928,0
178:280648944,0
179:280681888,0
180:280718736,0
181:280754960,0
182:280788384,0
183:280821680,0
184:280854800,0
185:280882896,0
186:280912752,0
187:280943824,0
188:280978608,0
189:281014032,0
190:281049216,0
191:281083472,0
192:281148800,0
193:281224640,0
194:281282672,0
195:281337456,0
196:281393520,0
197:281440768,0
198:281486304,0
199:281533776,0
200:281581760,0
201:281622032,0
202:281664176,0
203:281707728,0
204:281748848,0
205:281805456,0
206:281869008,0
207:281914960,0
208:281969984,0
209:282036896,0
210:282082544,0
211:282140736,0
212:282181552,0
213:282210160,0
214:282237792,0
215:282262848,0
216:282287168,0
217:282314976,0
218:282340960,0
219:282364112,0
220:282388080,0
221:282414592,0
222:282440576,0
223:282461184,0
224:282508896,0
225:282549392,0
226:282594336,0
227:282638704,0
228:282674960,0
229:282708128,0
230:282742800,0
231:282776576,0
232:282813728,0
233:282848672,0
234:282879664,0
235:282914000,0
236:282950000,0
237:282989136,0
238:283019152,0
239:283049104,0
240:283078496,0
241:283100176,0
242:283122384,0
243:283147680,0
244:283172656,0
245:283195616,0
246:283220880,0
247:283249472,0
248:283280640,0
249:283303024,0
250:283323872,0
251:283351648,0
252:283374256,0
253:283395936,0
254:283416080,0
255:283432944,0
256:283471024,0
257:283507888,0
258:283542352,0
259:283576096,0
260:283608096,0
261:283634080,0
262:283659280,0
263:283689648,0
264:283714720,0
265:283739728,0
266:283766032,0
267:283790608,0
268:283816272,0
269:283844432,0
270:283874352,0
271:283904336,0
272:283929808,0
273:283953392,0
274:283970336,0
275:283987616,0
276:284004800,0
277:284020400,0
278:284035968,0
279:284053184,0
280:284069616,0
281:284090048,0
282:284113008,0
283:284131408,0
284:284150608,0
285:284172160,0
286:284187392,0
287:284204368,0
288:284239168,0
289:284269648,0
290:284309248,0
291:284349072,0
292:284378544,0
293:284408464,0
294:284436368,0
295:284461680,0
296:284486896,0
297:284513856,0
298:284532688,0
299:284550128,0
300:284570032,0
301:284597040,0
302:284615632,0
303:284634608,0
304:284656640,0
305:284695056,0
306:284739920,0
307:284766384,0
308:284787968,0
309:284808256,0
310:284829360,0
311:284855984,0
312:284876336,0
313:284898928,0
314:284941280,0
315:284962912,0
316:284983600,0
317:284998656,0
318:285011920,0
319:285027216,0
320:285086336,0
321:285181856,0
322:285214336,0
323:285238464,0
324:285261920,0
325:285302224,0
326:285342560,0
327:285375024,0
328:285409152,0
329:285435568,0
330:285453760,0
331:285479408,0
332:285495248,0
333:285514624,0
334:285537040,0
335:285548288,0
336:285557760,0
337:285567840,0
338:285580240,0
339:285589712,0
340:285600304,0
341:285610560,0
342:285622064,0
343:285630288,0
344:285637600,0
345:285646592,0
346:285655840,0
347:285665040,0
348:285676752,0
349:285687040,0
350:285698896,0
351:285709520,0
352:285728096,0
353:285748240,0
354:285771328,0
355:285790176,0
356:285822448,0
357:285839840,0
358:285857440,0
359:285868944,0
360:285877920,0
361:285888576,0
362:285900240,0
363:285910208,0
364:285918912,0
365:285927840,0
366:285934352,0
367:285941280,0
368:285947776,0
369:285956944,0
370:285965344,0
371:285973248,0
372:285982560,0
373:285990448,0
374:285995344,0
375:286000688,0
376:286010112,0
377:286018880,0
378:286026736,0
379:286032896,0
380:286040208,0
381:286044400,0
382:286052688,0
383:286056000,0
384:286063536,0
385:286075360,0
386:286093008,0
387:286103040,0
388:286110704,0
389:286119424,0
390:286129152,0
391:286137840,0
392:286148848,0
393:286155792,0
394:286165104,0
395:286173824,0
396:286182096,0
397:286187776,0
398:286193120,0
399:286197424,0
400:286203360,0
401:286208480,0
402:286215792,0
403:286224176,0
404:286228992,0
405:286232192,0
406:286235216,0
407:286238288,0
408:286241792,0
409:286245328,0
410:286249872,0
411:286254464,0
412:286258304,0
413:286261616,0
414:286265312,0
415:286267744,0
416:286274720,0
417:286282816,0
418:286289136,0
419:286293712,0
420:286300192,0
421:286306944,0
422:286312832,0
423:286318064,0
424:286322704,0
425:286326720,0
426:286331440,0
427:286343056,0
428:286348256,0
429:286353184,0
430:286357568,0
431:286373088,0
432:286376432,0
433:286380320,0
434:286383856,0
435:286388448,0
436:286391984,0
437:286396656,0
438:286399936,0
439:286402464,0
440:286405280,0
441:286408032,0
442:286412560,0
443:286416592,0
444:286419952,0
445:286424928,0
446:286428592,0
447:286431424,0
448:286438000,0
449:286444272,0
450:286450976,0
451:286458688,0
452:286469600,0
453:286485104,0
454:286498704,0
455:286502704,0
456:286506720,0
457:286509616,0
458:286513392,0
459:286516336,0
460:286518960,0
461:286521296,0
462:286523600,0
463:286526800,0
464:286530288,0
465:286532496,0
466:286534592,0
467:286537728,0
468:286541600,0
469:286543552,0
470:286545408,0
471:286547280,0
472:286550048,0
473:286552160,0
474:286554128,0
475:286556256,0
476:286558000,0
477:286559360,0
478:286562320,0
479:286564016,0
480:286567936,0
481:286570752,0
482:286574000,0
483:286577616,0
484:286580784,0
485:286583600,0
486:286586480,0
487:286590320,0
488:286593216,0
489:286595776,0
490:286598096,0
491:286599968,0
492:286602272,0
493:286604000,0
494:286605952,0
495:286607904,0
496:286610128,0
497:286611664,0
498:286613440,0
499:286614928,0
500:286616240,0
501:286617248,0
502:286618720,0
503:286620096,0
504:286621056,0
505:286622704,0
506:286623952,0
507:286624960,0
508:286625856,0
509:286627264,0
510:286628960,0
511:286629856,0
512:286632064,0
513:286634416,0
514:286636352,0
515:286639824,0
516:286641696,0
517:286643392,0
518:286645312,0
519:286646736,0
520:286648672,0
521:286650176,0
522:286653312,0
523:286655248,0
524:286656352,0
525:286657920,0
526:286659904,0
527:286662192,0
528:286663600,0
529:286664384,0
530:286665504,0
531:286666576,0
532:286667376,0
533:286668752,0
534:286669920,0
535:286671056,0
536:286672720,0
537:286674416,0
538:286675424,0
539:286678832,0
540:286680224,0
541:286681744,0
542:286682736,0
543:286683936,0
544:286686096,0
545:286688384,0
546:286691056,0
547:286693744,0
548:286695024,0
549:286696048,0
550:286697664,0
551:286699472,0
552:286700960,0
553:286702384,0
554:286703952,0
555:286704976,0
556:286706304,0
557:286709072,0
558:286710400,0
559:286711296,0
560:286712288,0
561:286713200,0
562:286714096,0
563:286714656,0
564:286715376,0
565:286716384,0
566:286717824,0
567:286718880,0
568:286719600,0
569:286720000,0
570:286721648,0
571:286722464,0
572:286723184,0
573:286723488,0
574:286723920,0
575:286724656,0
576:286726032,0
577:286726832,0
578:286727696,0
579:286731008,0
580:286731408,0
581:286732944,0
582:286734672,0
583:286737504,0
584:286738528,0
585:286742448,0
586:286742992,0
587:286743680,0
588:286744192,0
589:286744464,0
590:286744848,0
591:286745856,0
592:286746960,0
593:286747232,0
594:286747648,0
595:286749120,0
596:286750272~>0
597:286751520~>1248
598:286751568~>1296
599:286751744~>1472
600:286752080~>1808
601:286752144~>1872
602:286752592~>2320
603:286752608~>2336
604:286752784~>2512
605:286753520~>3248
606:286753600~>3328
607:286753664~>3392
608:286754144~>3872
609:286754384~>4112
610:286754624~>4352
611:286755024~>4752
612:286755264~>4992
613:286755424~>5152
614:286755536~>5264
615:286755632~>5360
616:286756096~>5824
617:286757376~>7104
618:286757776~>7504
619:286758176~>7904
620:286758304~>8032
621:286758448~>8176
622:286758496~>8224
623:286758736~>8464
624:286759040~>8768
625:286759040~>8768
626:286759792~>9520
627:286760000~>9728
628:286760464~>10192
629:286760592~>10320
630:286761424~>11152
631:286761568~>11296
632:286761824~>11552
633:286761968~>11696
634:286762144~>11872
635:286762336~>12064
636:286762512~>12240
637:286762800~>12528
638:286762880~>12608
639:286763264~>12992
640:286763584~>13312
641:286764048~>13776
642:286764512~>14240
643:286765072~>14800
644:286767200~>16928
645:286767488~>17216
646:286769632~>19360
647:286769920~>19648
648:286770112~>19840
649:286770400~>20128
650:286770704~>20432
651:286770880~>20608
652:286771296~>21024
653:286771968~>21696
654:286772464~>22192
655:286773328~>23056
656:286774112~>23840
657:286790992~>40720
658:286795744~>45472
659:286800720~>50448
660:286800976~>50704
661:286801152~>50880
662:286801696~>51424
663:286802208~>51936
664:286803744~>53472
665:286803888~>53616
666:286805632~>55360
667:286806896~>56624
668:286808336~>58064
669:286808912~>58640
670:286809760~>59488
671:286811072~>60800
672:286818688~>68416
673:286834752~>84480
674:286839984~>89712
675:286842160~>91888
676:286846096~>95824
677:286849280~>99008
678:286853408~>103136
679:286869616~>119344
680:286881792~>131520
681:286886096~>135824
682:286888944~>138672
683:286892496~>142224
684:286893392~>143120
685:286911232~>160960
686:286912400~>162128
687:286914320~>164048
688:286920448~>170176
689:286921408~>171136
690:286922496~>172224
691:286923600~>173328
692:286924176~>173904
693:286925376~>175104
694:286925696~>175424
695:286926672~>176400
696:286926864~>176592
697:286927360~>177088
698:286927840~>177568
699:286928832~>178560
700:286929600~>179328
701:286930016~>179744
702:286930784~>180512
703:286931984~>181712
704:286932784~>182512
705:286934576~>184304
706:286935888~>185616
707:286937984~>187712
708:286939152~>188880
709:286941056~>190784
710:286942848~>192576
711:286944768~>194496
712:286945728~>195456
713:286946480~>196208
714:286947072~>196800
715:286947744~>197472
716:286948128~>197856
717:286948688~>198416
718:286949104~>198832
719:286949328~>199056
720:286949568~>199296
721:286949760~>199488
722:286949808~>199536
723:286950656~>200384
724:286950864~>200592
725:286951440~>201168
726:286952048~>201776
727:286952976~>202704
728:286952992~>202720
729:286953488~>203216
730:286953792~>203520
731:286954224~>203952
732:286954976~>204704
733:286955952~>205680
734:286958464~>208192
735:286959744~>209472
736:286964256~>213984
737:286989248~>238976
738:287006432~>256160
739:287009200~>258928
740:287009200~>258928
741:287009200~>258928
742:287009248~>258976
743:287009360~>259088
744:287010528~>260256
745:287011888~>261616
746:287013088~>262816
747:287013088~>262816
748:287013088~>262816
749:287013088~>262816
750:287013088~>262816
751:287013088~>262816
752:287013088~>262816
753:287013088~>262816
754:287013088~>262816
755:287013104~>262832
756:287013376~>263104
757:287013392~>263120
758:287013392~>263120
759:287013392~>263120
760:287013392~>263120
761:287013392~>263120
762:287013392~>263120
763:287013392~>263120
764:287013392~>263120
765:287013392~>263120
766:287013392~>263120
767:287013392~>263120
768:287013392~>263120
769:287013392~>263120
770:287013392~>263120
771:287013392~>263120
772:287013392~>263120
773:287013392~>263120
774:287013392~>263120
775:287013392~>263120
776:287013392~>263120
777:287013392~>263120
778:287013392~>263120
779:287013392~>263120
780:287013392~>263120
781:287013392~>263120
782:287013392~>263120
783:287013392~>263120
784:287013392~>263120
785:287013392~>263120
786:287013392~>263120
787:287013392~>263120
788:287013392~>263120
789:287013392~>263120
790:287013392~>263120
791:287013392~>263120
792:287013392~>263120
793:287013392~>263120
794:287013392~>263120
795:287013392~>263120
796:287013392~>263120
797:287013392~>263120
798:287013392~>263120
799:287013392~>263120
800:287013392~>263120
801:287013392~>263120
802:287013392~>263120
803:287013392~>263120
804:287013392~>263120
805:287013392~>263120
806:287013392~>263120
807:287013392~>263120
808:287013392~>263120
809:287013392~>263120
810:287013392~>263120
811:287013392~>263120
812:287013392~>263120
813:287013392~>263120
814:287013392~>263120
815:287013392~>263120
816:287013392~>263120
817:287013392~>263120
818:287013392~>263120
819:287013392~>263120
820:287013392~>263120
821:287013392~>263120
822:287013392~>263120
823:287013392~>263120
824:287013392~>263120
825:287013392~>263120
826:287013392~>263120
827:287013392~>263120
828:287013392~>263120
829:287013392~>263120
830:287013392~>263120
831:287013392~>263120
832:287013392~>263120
833:287013392~>263120
834:287013392~>263120
835:287013392~>263120
836:287013392~>263120
837:287013392~>263120
838:287013392~>263120
839:287013392~>263120
840:287013392~>263120
841:287013392~>263120
842:287013392~>263120
843:287013392~>263120
844:287013392~>263120
845:287013392~>263120
846:287013392~>263120
847:287013392~>263120
848:287013392~>263120
849:287013392~>263120
850:287013392~>263120
851:287013392~>263120
852:287013392~>263120
853:287013392~>263120
854:287013392~>263120
855:287013392~>263120
856:287013392~>263120
857:287013392~>263120
858:287013392~>263120
859:287013392~>263120
860:287013392~>263120
861:287013392~>263120
862:287013392~>263120
863:287013392~>263120
864:287013392~>263120
865:287013392~>263120
866:287013392~>263120
867:287013392~>263120
868:287013392~>263120
869:287013392~>263120
870:287013392~>263120
871:287013392~>263120
872:287013392~>263120
873:287013392~>263120
874:287013392~>263120
875:287013392~>263120
876:287013392~>263120
877:287013392~>263120
878:287013392~>263120
879:287013392~>263120
880:287013392~>263120
881:287013392~>263120
882:287013392~>263120
883:287013392~>263120
884:287013392~>263120
885:287013392~>263120
886:287013392~>263120
887:287013392~>263120
888:287013392~>263120
889:287013392~>263120
890:287013392~>263120
891:287013392~>263120
892:287013392~>263120
893:287013392~>263120
894:287013392~>263120
895:287013392~>263120
0.001107,263120,0,
1.000000,1,1.000000,1,1.000000,1,1.000000,1,263120
401.bzip2-226B_0,tta: 27572144
0.020634,1,0,
0.013617,1,0.005684,1,0.000000,0,0.000000,0,27572144
401.bzip2-226B_54,tta: 14841776
0.031862,1,0,
0.020390,1,0.009040,1,0.002754,23024,0.000000,0,14841776
401.bzip2-226B_84,tta: 42980720
0.008979,1,0,
0.006355,1,0.004097,1,0.001534,79264,0.000000,0,42980720
401.bzip2-226B_158,tta: 25553120
0.022099,1,0,
0.014532,1,0.005989,1,0.000000,0,0.000000,0,25553120
401.bzip2-226B_207,tta: 13439904
0.035463,1,0,
0.021855,1,0.010016,1,0.003609,28912,0.000000,0,13439904
401.bzip2-226B_235,tta: 46740064
0.008674,1,0,
0.006111,1,0.003792,1,0.001046,70784,0.000000,0,46740064
401.bzip2-226B_318,tta: 26907552
0.020878,1,0,
0.013800,1,0.005806,1,0.000000,0,0.000000,0,26907552
401.bzip2-226B_371,tta: 12182096
0.039368,1,0,
0.023441,1,0.011176,1,0.004829,34880,0.000253,12032,12182096
401.bzip2-226B_397,tta: 46366768
0.009467,1,0,
0.006477,1,0.003853,1,0.000924,66848,0.000000,0,46366768
401.bzip2-226B_478,tta: 25382768
0.021916,1,0,
0.014105,1,0.005684,1,0.000000,0,0.000000,0,25382768
401.bzip2-226B_528,tta: 10432512
0.045593,1,0,
0.027774,1,0.013983,1,0.006172,36704,0.001046,16640,10432512
401.bzip2-226B_551,tta: 46671792
0.009284,1,0,
0.006355,1,0.003792,1,0.000863,66240,0.000000,0,46671792
401.bzip2-226B_632,tta: 25399664
0.021916,1,0,
0.014105,1,0.005745,1,0.000000,0,0.000000,0,25399664
401.bzip2-226B_682,tta: 12132128
0.040162,1,0,
0.024296,1,0.011603,1,0.004768,34400,0.000000,0,12132128
401.bzip2-277B_0,tta: 30128224
0.011603,1,0,
0.008002,1,0.003304,1,0.000000,0,0.000000,0,30128224
401.bzip2-277B_68,tta: 30032096
0.012213,1,0,
0.008552,1,0.003609,1,0.000000,0,0.000000,0,30032096
401.bzip2-277B_136,tta: 35062800
0.010749,1,0,
0.007758,1,0.003731,1,0.000000,0,0.000000,0,35062800
401.bzip2-277B_213,tta: 21069184
0.014288,1,0,
0.008369,1,0.003304,1,0.000000,0,0.000000,0,21069184
401.bzip2-277B_261,tta: 32333584
0.009040,1,0,
0.006233,1,0.002510,1,0.000000,0,0.000000,0,32333584
401.bzip2-277B_329,tta: 19086912
0.010199,1,0,
0.005623,1,0.001900,45376,0.000000,0,0.000000,0,19086912
401.bzip2-277B_369,tta: 21514272
0.012640,1,0,
0.007575,1,0.003243,1,0.000000,0,0.000000,0,21514272
401.bzip2-277B_414,tta: 19904400
0.009589,1,0,
0.005745,1,0.002327,52416,0.000000,0,0.000000,0,19904400
401.bzip2-277B_455,tta: 20689040
0.011237,1,0,
0.006416,1,0.002449,54640,0.000000,0,0.000000,0,20689040
401.bzip2-277B_498,tta: 19644512
0.010504,1,0,
0.006111,1,0.002266,49520,0.000000,0,0.000000,0,19644512
401.bzip2-277B_539,tta: 18075072
0.014471,1,0,
0.008308,1,0.003182,1,0.000000,0,0.000000,0,18075072
401.bzip2-277B_579,tta: 18680304
0.015264,1,0,
0.008491,1,0.003060,1,0.000000,0,0.000000,0,18680304
401.bzip2-277B_622,tta: 33291760
0.008247,1,0,
0.005867,1,0.002449,1,0.000000,0,0.000000,0,33291760
401.bzip2-277B_691,tta: 21893872
0.013861,1,0,
0.007758,1,0.002877,1,0.000000,0,0.000000,0,21893872
401.bzip2-38B_0,tta: 31636336
0.015020,1,0,
0.008857,1,0.003792,1,0.000000,0,0.000000,0,31636336
401.bzip2-38B_57,tta: 37433056
0.011054,1,0,
0.007026,1,0.003792,1,0.000000,2928,0.000000,0,37433056
401.bzip2-38B_121,tta: 21887856
0.024967,1,0,
0.014044,1,0.003731,1,0.000000,0,0.000000,0,21887856
401.bzip2-38B_162,tta: 40187552
0.010504,1,0,
0.006599,1,0.003426,100064,0.000000,0,0.000000,0,40187552
401.bzip2-38B_232,tta: 27147488
0.017217,1,0,
0.009223,1,0.003182,45024,0.000000,0,0.000000,0,27147488
401.bzip2-38B_282,tta: 36401248
0.013495,1,0,
0.008369,1,0.004036,1,0.000000,0,0.000000,0,36401248
401.bzip2-38B_347,tta: 35896576
0.010871,1,0,
0.006965,1,0.003853,1,0.000314,12992,0.000000,0,35896576
401.bzip2-38B_408,tta: 27415872
0.019475,1,0,
0.010993,1,0.003670,1,0.000000,0,0.000000,0,27415872
401.bzip2-38B_461,tta: 46643968
0.010077,1,0,
0.006050,1,0.002693,90832,0.000000,0,0.000000,0,46643968
401.bzip2-38B_551,tta: 20494368
0.025760,1,0,
0.015081,1,0.005684,1,0.000985,23520,0.000000,0,20494368
401.bzip2-38B_594,tta: 48689888
0.009467,1,0,
0.005440,1,0.001961,72736,0.000000,0,0.000000,0,48689888
401.bzip2-7B_0,tta: 28066240
0.016729,1,0,
0.008735,1,0.001900,24288,0.000000,0,0.000000,0,28066240
401.bzip2-7B_58,tta: 33275680
0.011298,1,0,
0.007026,1,0.003487,1,0.000000,0,0.000000,0,33275680
401.bzip2-7B_119,tta: 26518928
0.012579,1,0,
0.004707,1,0.000253,7664,0.000000,0,0.000000,0,26518928
401.bzip2-7B_169,tta: 24533648
0.009955,1,0,
0.006294,1,0.003731,1,0.001046,23440,0.000000,0,24533648
401.bzip2-7B_214,tta: 34807568
0.015630,1,0,
0.008979,1,0.003731,1,0.000000,0,0.000000,0,34807568
401.bzip2-7B_282,tta: 35197040
0.010810,1,0,
0.007148,1,0.004097,1,0.000436,13792,0.000000,0,35197040
401.bzip2-7B_349,tta: 17087856
0.022892,1,0,
0.010565,1,0.001839,17152,0.000000,0,0.000000,0,17087856
401.bzip2-7B_383,tta: 22597728
0.016790,1,0,
0.006721,1,0.001534,15328,0.000000,0,0.000000,0,22597728
401.bzip2-7B_427,tta: 34349664
0.009467,1,0,
0.006111,1,0.003609,1,0.000741,21952,0.000000,0,34349664
401.bzip2-7B_492,tta: 23369840
0.016058,1,0,
0.007880,1,0.001473,21424,0.000000,0,0.000000,0,23369840
401.bzip2-7B_536,tta: 27441680
0.015081,1,0,
0.006538,1,0.001656,17872,0.000000,0,0.000000,0,27441680
401.bzip2-7B_593,tta: 38309696
0.010077,1,0,
0.006233,1,0.003426,105440,0.000192,9264,0.000000,0,38309696
401.bzip2-7B_663,tta: 25637712
0.018071,1,0,
0.009650,1,0.003426,1,0.000000,0,0.000000,0,25637712
403.gcc-16B_0,tta: 957296
0.358579,1,0,
0.000000,0,0.000000,0,0.000000,0,0.000000,0,957296
403.gcc-16B_8,tta: 1007792
0.323003,1,0,
0.000000,0,0.000000,0,0.000000,0,0.000000,0,1007792
403.gcc-16B_16,tta: 1001216
0.337648,1,0,
0.000000,0,0.000000,0,0.000000,0,0.000000,0,1001216
403.gcc-16B_24,tta: 1003824
0.335452,1,0,
0.000000,0,0.000000,0,0.000000,0,0.000000,0,1003824
403.gcc-16B_32,tta: 954768
0.354064,1,0,
0.000000,0,0.000000,0,0.000000,0,0.000000,0,954768
403.gcc-16B_40,tta: 993040
0.340883,1,0,
0.000000,0,0.000000,0,0.000000,0,0.000000,0,993040
403.gcc-16B_48,tta: 1092656
0.296336,1,0,
0.000000,0,0.000000,0,0.000000,0,0.000000,0,1092656
403.gcc-16B_56,tta: 1040080
0.322515,1,0,
0.000000,0,0.000000,0,0.000000,0,0.000000,0,1040080
403.gcc-16B_64,tta: 1108704
0.298167,1,0,
0.000000,0,0.000000,0,0.000000,0,0.000000,0,1108704
403.gcc-16B_72,tta: 1180992
0.272293,1,0,
0.000000,0,0.000000,0,0.000000,0,0.000000,0,1180992
403.gcc-16B_80,tta: 1097136
0.295848,1,0,
0.000000,0,0.000000,0,0.000000,0,0.000000,0,1097136
403.gcc-16B_88,tta: 1033968
0.323247,1,0,
0.000000,0,0.000000,0,0.000000,0,0.000000,0,1033968
403.gcc-16B_96,tta: 1039312
0.315863,1,0,
0.000000,0,0.000000,0,0.000000,0,0.000000,0,1039312
403.gcc-16B_104,tta: 1039328
0.323247,1,0,
0.000000,0,0.000000,0,0.000000,0,0.000000,0,1039328
403.gcc-16B_112,tta: 1050032
0.317999,1,0,
0.000000,0,0.000000,0,0.000000,0,0.000000,0,1050032
403.gcc-16B_120,tta: 998528
0.336672,1,0,
0.000000,0,0.000000,0,0.000000,0,0.000000,0,998528
403.gcc-16B_128,tta: 1090224
0.296336,1,0,
0.000000,0,0.000000,0,0.000000,0,0.000000,0,1090224
403.gcc-16B_136,tta: 1062864
0.317572,1,0,
0.000000,0,0.000000,0,0.000000,0,0.000000,0,1062864
403.gcc-16B_144,tta: 1023472
0.328251,1,0,
0.000000,0,0.000000,0,0.000000,0,0.000000,0,1023472
403.gcc-16B_152,tta: 1034432
0.323186,1,0,
0.000000,0,0.000000,0,0.000000,0,0.000000,0,1034432
403.gcc-16B_160,tta: 1027264
0.323308,1,0,
0.000000,0,0.000000,0,0.000000,0,0.000000,0,1027264
403.gcc-16B_168,tta: 1033248
0.321843,1,0,
0.000000,0,0.000000,0,0.000000,0,0.000000,0,1033248
403.gcc-16B_176,tta: 2026208
0.051939,1,0,
0.037416,1,0.024357,1,0.014044,1,0.005623,12624,2026208
403.gcc-16B_184,tta: 3034400
0.139324,1,0,
0.136212,1,0.130659,1,0.117295,1,0.083244,1,3034400
403.gcc-16B_191,tta: 3150320
0.174900,1,0,
0.172337,1,0.168188,1,0.159217,1,0.136334,1,3150320
403.gcc-16B_198,tta: 3156464
0.175877,1,0,
0.173375,1,0.169408,1,0.160682,1,0.138164,1,3156464
403.gcc-16B_205,tta: 3156400
0.174534,1,0,
0.172032,1,0.168066,1,0.159400,1,0.136822,1,3156400
403.gcc-16B_212,tta: 3152560
0.174229,1,0,
0.171666,1,0.167516,1,0.158607,1,0.135540,1,3152560
403.gcc-16B_219,tta: 3151968
0.174107,1,0,
0.171605,1,0.167700,1,0.158973,1,0.136212,1,3151968
403.gcc-16B_226,tta: 3188544
0.171239,1,0,
0.168798,1,0.165015,1,0.157082,1,0.135907,1,3188544
403.gcc-16B_233,tta: 3184368
0.171239,1,0,
0.168737,1,0.164770,1,0.156105,1,0.134015,1,3184368
403.gcc-16B_240,tta: 3176368
0.172093,1,0,
0.169591,1,0.165686,1,0.157082,1,0.134564,1,3176368
403.gcc-16B_247,tta: 3182848
0.172032,1,0,
0.169530,1,0.165747,1,0.157631,1,0.135724,1,3182848
403.gcc-16B_254,tta: 3174656
0.170629,1,0,
0.168127,1,0.164099,1,0.155434,1,0.132977,1,3174656
403.gcc-16B_261,tta: 3159040
0.172642,1,0,
0.170324,1,0.166479,1,0.157753,1,0.134991,1,3159040
403.gcc-16B_268,tta: 3113184
0.170568,1,0,
0.168859,1,0.165747,1,0.158119,1,0.136639,1,3113184
403.gcc-16B_275,tta: 3137936
0.175571,1,0,
0.173436,1,0.169774,1,0.161353,1,0.138897,1,3137936
403.gcc-16B_282,tta: 3147728
0.176975,1,0,
0.174473,1,0.170568,1,0.161841,1,0.138958,1,3147728
403.gcc-16B_289,tta: 3144784
0.175205,1,0,
0.172764,1,0.168920,1,0.160255,1,0.137371,1,3144784
403.gcc-16B_296,tta: 3134896
0.175205,1,0,
0.172703,1,0.168676,1,0.159828,1,0.136700,1,3134896
403.gcc-16B_303,tta: 3139472
0.176548,1,0,
0.174046,1,0.170140,1,0.161475,1,0.138714,1,3139472
403.gcc-16B_310,tta: 3129568
0.176121,1,0,
0.173619,1,0.169713,1,0.160987,1,0.137920,1,3129568
403.gcc-16B_317,tta: 3135392
0.177463,1,0,
0.174778,1,0.170812,1,0.162024,1,0.139263,1,3135392
403.gcc-16B_324,tta: 3126208
0.177158,1,0,
0.174595,1,0.170507,1,0.161536,1,0.138286,1,3126208
403.gcc-16B_331,tta: 3122816
0.178379,1,0,
0.175877,1,0.171849,1,0.162940,1,0.139690,1,3122816
403.gcc-16B_338,tta: 3119632
0.177646,1,0,
0.175205,1,0.171300,1,0.162574,1,0.139446,1,3119632
403.gcc-16B_345,tta: 19777552
0.025333,1,0,
0.024296,1,0.022099,1,0.017095,1,0.004036,206176,19777552
403.gcc-16B_382,tta: 14588224
0.035097,1,0,
0.034853,1,0.034425,1,0.031374,1,0.017766,1,14588224
403.gcc-16B_405,tta: 7386800
0.065913,1,0,
0.060665,1,0.052793,1,0.044250,1,0.029788,1,7386800
403.gcc-16B_418,tta: 5870224
0.089468,1,0,
0.082084,1,0.073419,1,0.061214,1,0.040284,1,5870224
403.gcc-16B_428,tta: 7192080
0.072687,1,0,
0.071771,1,0.070551,1,0.065913,1,0.042297,1,7192080
403.gcc-16B_440,tta: 3814432
0.099415,1,0,
0.093374,1,0.085258,1,0.074823,1,0.053282,1,3814432
403.gcc-16B_447,tta: 48288
0.107226,1,0,
0.098744,1,0.062313,1,0.000000,0,0.000000,0,48288
403.gcc-16B_450,tta: 4773728
0.067378,1,0,
0.065486,1,0.063716,1,0.060421,1,0.051451,1,4773728
403.gcc-16B_460,tta: 3323056
0.147684,1,0,
0.128279,1,0.106616,1,0.075799,1,0.042297,1,3323056
403.gcc-16B_467,tta: 11827648
0.047118,1,0,
0.046508,1,0.046081,1,0.045349,1,0.042175,1,11827648
403.gcc-16B_488,tta: 569520
0.925360,1,0,
0.925238,1,0.925177,1,0.925177,1,0.925116,1,569520
403.gcc-16B_491,tta: 10340592
0.055417,1,0,
0.049864,1,0.046691,1,0.044494,1,0.041382,1,10340592
403.gcc-16B_511,tta: 5899600
0.073968,1,0,
0.021855,1,0.000000,0,0.000000,0,0.000000,0,5899600
403.gcc-16B_520,tta: 2481968
0.150735,1,0,
0.135235,1,0.112657,1,0.095021,1,0.085074,1,2481968
403.gcc-16B_526,tta: 20687888
0.021122,1,0,
0.009101,1,0.000192,912,0.000000,0,0.000000,0,20687888
403.gcc-16B_561,tta: 19400784
0.022892,1,0,
0.010382,1,0.001046,7088,0.000000,0,0.000000,0,19400784
403.gcc-16B_594,tta: 20628208
0.021000,1,0,
0.008918,1,0.000863,7136,0.000000,0,0.000000,0,20628208
403.gcc-16B_629,tta: 20055088
0.021611,1,0,
0.008857,1,0.000497,3648,0.000000,0,0.000000,0,20055088
403.gcc-16B_663,tta: 20587648
0.021489,1,0,
0.008613,1,0.000436,2720,0.000000,0,0.000000,0,20587648
403.gcc-16B_698,tta: 20086016
0.021977,1,0,
0.009284,1,0.001595,12656,0.000000,0,0.000000,0,20086016
403.gcc-17B_0,tta: 9950656
0.041870,1,0,
0.025699,1,0.018315,1,0.013495,1,0.003731,97888,9950656
403.gcc-17B_17,tta: 4150624
0.077752,1,0,
0.023563,1,0.000000,0,0.000000,0,0.000000,0,4150624
403.gcc-17B_25,tta: 17318512
0.021244,1,0,
0.010077,1,0.001717,18944,0.000000,0,0.000000,0,17318512
403.gcc-17B_54,tta: 20674176
0.021794,1,0,
0.009528,1,0.000497,5232,0.000000,0,0.000000,0,20674176
403.gcc-17B_88,tta: 21362112
0.020817,1,0,
0.008857,1,0.000375,3232,0.000000,0,0.000000,0,21362112
403.gcc-17B_123,tta: 20681088
0.021611,1,0,
0.009284,1,0.000680,3616,0.000000,0,0.000000,0,20681088
403.gcc-17B_157,tta: 21942416
0.020024,1,0,
0.007758,1,0.000131,1184,0.000000,0,0.000000,0,21942416
403.gcc-17B_193,tta: 20742752
0.021183,1,0,
0.008918,1,0.001473,12432,0.000000,0,0.000000,0,20742752
403.gcc-17B_227,tta: 20680256
0.021000,1,0,
0.009040,1,0.000619,5104,0.000000,0,0.000000,0,20680256
403.gcc-17B_261,tta: 20016832
0.021672,1,0,
0.009406,1,0.001351,9984,0.000000,0,0.000000,0,20016832
403.gcc-17B_294,tta: 20740016
0.020451,1,0,
0.008247,1,0.000558,2064,0.000000,0,0.000000,0,20740016
403.gcc-17B_328,tta: 21339392
0.020695,1,0,
0.008796,1,0.001168,10448,0.000000,0,0.000000,0,21339392
403.gcc-17B_363,tta: 21329424
0.020695,1,0,
0.008674,1,0.000741,5488,0.000000,0,0.000000,0,21329424
403.gcc-17B_398,tta: 20677776
0.021122,1,0,
0.009650,1,0.001412,8016,0.000000,0,0.000000,0,20677776
403.gcc-17B_432,tta: 20679424
0.021000,1,0,
0.009467,1,0.001290,10528,0.000000,0,0.000000,0,20679424
403.gcc-17B_466,tta: 21324176
0.020268,1,0,
0.008674,1,0.001168,6032,0.000000,2720,0.000000,0,21324176
403.gcc-17B_501,tta: 23188688
0.019292,1,0,
0.008369,1,0.000680,4768,0.000000,0,0.000000,0,23188688
403.gcc-17B_539,tta: 22512896
0.019658,1,0,
0.009223,1,0.001351,8208,0.000000,0,0.000000,0,22512896
403.gcc-17B_576,tta: 21355056
0.019963,1,0,
0.008491,1,0.000497,1808,0.000000,0,0.000000,0,21355056
403.gcc-17B_611,tta: 22569328
0.019475,1,0,
0.008369,1,0.000924,7616,0.000000,0,0.000000,0,22569328
403.gcc-17B_648,tta: 23687184
0.018071,1,0,
0.006660,1,0.000192,896,0.000000,0,0.000000,0,23687184
403.gcc-17B_687,tta: 24289024
0.017827,1,0,
0.006538,1,0.000253,1184,0.000000,0,0.000000,0,24289024
403.gcc-48B_0,tta: 129598224
0:17025344,0
1:33442032,0
2:42026224,0
3:45667776,0
4:54029040,0
5:62527056,0
6:71252592,0
7:78052416,0
8:83684416,0
9:87156352,0
10:90031440,0
11:94534368,0
12:97998096,0
13:100251184,0
14:102770544,0
15:105859008,0
16:107221600,0
17:107880864,0
18:109679776,0
19:110781264,0
20:111667840,0
21:112391376,0
22:113022288,0
23:113734768,0
24:114165936,0
25:114370256,0
26:114630048,0
27:114910384,0
28:115108336,0
29:115206560,0
30:115280544,0
31:115356816,0
32:115439344,0
33:115496736,0
34:115554464,0
35:115602240,0
36:115648592,0
37:115713888,0
38:115773888,0
39:115879808,0
40:115932848,0
41:116017264,0
42:116131712,0
43:116224960,0
44:116478832,0
45:116694048,0
46:117359360,0
47:117893120,0
48:118550848,0
49:119301136,0
50:119709488,0
51:120171680,0
52:120519008,0
53:120693168,0
54:120737008,0
55:120760112,0
56:120778160,0
57:120801968,0
58:120828896,0
59:120846560,0
60:120858368,0
61:120867760,0
62:120877968,0
63:120885008,0
64:120897200,0
65:120911632,0
66:120924256,0
67:120932352,0
68:120939856,0
69:120948544,0
70:120958928,0
71:120965024,0
72:120971008,0
73:120975440,0
74:120979360,0
75:120982800,0
76:120986672,0
77:120989456,0
78:120992720,0
79:120995520,0
80:120999984,0
81:121004416,0
82:121008096,0
83:121010112,0
84:121012896,0
85:121014768,0
86:121016192,0
87:121018336,0
88:121020256,0
89:121022160,0
90:121023872,0
91:121025728,0
92:121028528,0
93:121031840,0
94:121035024,0
95:121038304,0
96:121040992,0
97:121043616,0
98:121046656,0
99:121050672,0
100:121057792,0
101:121064080,0
102:121068336,0
103:121073232,0
104:121078944,0
105:121084000,0
106:121089168,0
107:121092720,0
108:121098144,0
109:121103632,0
110:121109600,0
111:121116016,0
112:121121344,0
113:121126256,0
114:121130464,0
115:121133824,0
116:121137728,0
117:121143184,0
118:121148592,0
119:121154080,0
120:121159408,0
121:121165840,0
122:121168816,0
123:121172880,0
124:121178496,0
125:121187008,0
126:121190768,0
127:121198640,0
128:121207440,0
129:121219008,0
130:121228304,0
131:121235424,0
132:121245280,0
133:121254288,0
134:121261792,0
135:121268624,0
136:121273248,0
137:121278656,0
138:121281648,0
139:121285184,0
140:121287728,0
141:121289632,0
142:121292016,0
143:121293792,0
144:121295200,0
145:121296816,0
146:121298800,0
147:121301120,0
148:121303200,0
149:121305680,0
150:121308960,0
151:121311296,0
152:121313776,0
153:121315680,0
154:121317616,0
155:121319600,0
156:121321696,0
157:121324144,0
158:121326032,0
159:121328096,0
160:121331856,0
161:121334688,0
162:121338320,0
163:121341552,0
164:121345056,0
165:121349088,0
166:121352336,0
167:121356000,0
168:121358720,0
169:121362144,0
170:121365280,0
171:121368320,0
172:121372000,0
173:121375504,0
174:121378960,0
175:121383072,0
176:121387616,0
177:121396832,0
178:121403168,0
179:121413808,0
180:121422784,0
181:121429664,0
182:121436432,0
183:121442736,0
184:121448128,0
185:121454128,0
186:121459808,0
187:121464528,0
188:121468784,0
189:121472368,0
190:121476736,0
191:121480960,0
192:121487456,0
193:121500592,0
194:121509920,0
195:121518560,0
196:121524928,0
197:121535264,0
198:121547152,0
199:121554224,0
200:121558656,0
201:121563952,0
202:121568944,0
203:121572960,0
204:121577088,0
205:121581056,0
206:121586736,0
207:121591584,0
208:121597920,0
209:121605760,0
210:121615008,0
211:121623152,0
212:121631824,0
213:121643664,0
214:121653600,0
215:121665040,0
216:121672768,0
217:121682064,0
218:121690240,0
219:121696928,0
220:121703824,0
221:121708800,0
222:121717200,0
223:121724192,0
224:121737008,0
225:121750544,0
226:121770752,0
227:121791856,0
228:121811664,0
229:121829968,0
230:121844960,0
231:121860240,0
232:121875008,0
233:121893712,0
234:121909712,0
235:121928448,0
236:121943264,0
237:121956224,0
238:121977680,0
239:121998368,0
240:122019184,0
241:122045152,0
242:122060208,0
243:122080352,0
244:122097216,0
245:122118048,0
246:122150304,0
247:122168016,0
248:122187712,0
249:122218944,0
250:122234912,0
251:122250624,0
252:122266640,0
253:122281632,0
254:122298672,0
255:122314160,0
256:122355744,0
257:122407936,0
258:122459280,0
259:122528576,0
260:122573712,0
261:122618320,0
262:122662384,0
263:122692528,0
264:122736976,0
265:122776384,0
266:122821888,0
267:122868688,0
268:122914848,0
269:122950688,0
270:122995840,0
271:123022896,0
272:123063200,0
273:123100400,0
274:123129232,0
275:123161104,0
276:123184336,0
277:123212608,0
278:123244400,0
279:123270480,0
280:123297040,0
281:123326448,0
282:123354544,0
283:123381744,0
284:123412704,0
285:123433312,0
286:123455024,0
287:123476544,0
288:123510416,0
289:123666512,0
290:125197632,0
291:126386800,0
292:128122960,0
293:128685984,0
294:129029664,0
295:129181680,0
296:129187216,0
297:129188768,0
298:129189936,0
299:129192240,0
300:129194672,0
301:129197152,0
302:129198144,0
303:129198992,0
304:129199680,0
305:129200368,0
306:129201760,0
307:129204304,0
308:129206336,0
309:129209248,0
310:129212592,0
311:129216016,0
312:129219600,0
313:129221856,0
314:129223792,0
315:129225840,0
316:129227536,0
317:129228224,0
318:129229088,0
319:129230448,0
320:129233808,0
321:129239424,0
322:129242848,0
323:129245376,0
324:129249440,0
325:129254912,0
326:129257200,0
327:129258816,0
328:129259984,0
329:129261488,0
330:129263088,0
331:129264352,0
332:129266176,0
333:129268624,0
334:129270752,0
335:129272896,0
336:129275088,0
337:129277664,0
338:129280000,0
339:129281344,0
340:129283520,0
341:129286064,0
342:129288816,0
343:129290144,0
344:129291600,0
345:129292368,0
346:129292928,0
347:129293456,0
348:129293920,0
349:129294768,0
350:129295232,0
351:129296096,0
352:129297248,0
353:129299216,0
354:129300976,0
355:129303152,0
356:129309584,0
357:129310912,0
358:129312304,0
359:129313248,0
360:129313936,0
361:129314800,0
362:129315424,0
363:129316368,0
364:129317792,0
365:129319520,0
366:129320752,0
367:129321392,0
368:129321872,0
369:129322512,0
370:129323296,0
371:129324336,0
372:129325152,0
373:129327264,0
374:129330896,0
375:129331808,0
376:129332336,0
377:129333072,0
378:129334112,0
379:129334800,0
380:129335296,0
381:129336096,0
382:129336912,0
383:129339616,0
384:129341232,0
385:129342208,0
386:129342992,0
387:129344256,0
388:129345712,0
389:129346816,0
390:129347920,0
391:129349120,0
392:129351152,0
393:129352224,0
394:129353408,0
395:129354528,0
396:129355552,0
397:129358288,0
398:129359360,0
399:129360208,0
400:129360976,0
401:129362496,0
402:129363728,0
403:129364448,0
404:129364880,0
405:129366160,0
406:129367024,0
407:129367616,0
408:129368304,0
409:129368800,0
410:129369616,0
411:129370464,0
412:129371120,0
413:129371728,0
414:129372448,0
415:129373456,0
416:129374528,0
417:129377088,0
418:129377872,0
419:129380208,0
420:129382272,0
421:129384736,0
422:129388736,0
423:129390336,0
424:129391072,0
425:129391936,0
426:129392672,0
427:129393248,0
428:129393760,0
429:129394416,0
430:129395008,0
431:129395488,0
432:129396080,0
433:129396512,0
434:129397056,0
435:129398224,0
436:129398688,0
437:129399184,0
438:129399536,0
439:129399792,0
440:129400336,0
441:129400720,0
442:129400912,0
443:129401232,0
444:129401984,0
445:129402224,0
446:129402368,0
447:129402752,0
448:129403296,0
449:129403808,0
450:129404208,0
451:129404800,0
452:129405248,0
453:129405808,0
454:129406640,0
455:129407056,0
456:129407440,0
457:129407840,0
458:129408224,0
459:129408624,0
460:129409072,0
461:129409440,0
462:129409856,0
463:129410304,0
464:129410784,0
465:129411104,0
466:129411696,0
467:129412336,0
468:129412800,0
469:129413040,0
470:129413456,0
471:129414016,0
472:129414432,0
473:129414832,0
474:129415168,0
475:129415632,0
476:129416016,0
477:129416496,0
478:129416944,0
479:129417472,0
480:129418528,0
481:129419616,0
482:129420512,0
483:129421600,0
484:129422544,0
485:129425712,0
486:129433952,0
487:129442896,0
488:129443856,0
489:129444592,0
490:129445408,0
491:129446368,0
492:129447168,0
493:129448144,0
494:129451248,0
495:129454944,0
496:129455520,0
497:129456032,0
498:129456720,0
499:129457568,0
500:129458160,0
501:129458864,0
502:129459632,0
503:129460448,0
504:129461120,0
505:129461664,0
506:129462208,0
507:129462816,0
508:129463376,0
509:129464016,0
510:129464736,0
511:129465216,0
512:129466672,0
513:129467936,0
514:129469440,0
515:129470656,0
516:129471936,0
517:129473216,0
518:129474288,0
519:129475552,0
520:129476752,0
521:129478160,0
522:129479328,0
523:129480752,0
524:129482032,0
525:129483488,0
526:129485360,0
527:129486608,0
528:129487616,0
529:129488624,0
530:129489824,0
531:129490784,0
532:129491920,0
533:129492960,0
534:129493904,0
535:129494912,0
536:129495696,0
537:129496736,0
538:129497696,0
539:129498624,0
540:129499408,0
541:129500240,0
542:129501248,0
543:129502112,0
544:129503760,0
545:129505376,0
546:129506928,0
547:129508368,0
548:129509888,0
549:129511392,0
550:129512928,0
551:129514208,0
552:129515840,0
553:129517056,0
554:129518512,0
555:129519936,0
556:129521312,0
557:129522864,0
558:129524016,0
559:129525344,0
560:129526592,0
561:129527504,0
562:129528672,0
563:129529856,0
564:129531008,0
565:129531904,0
566:129533152,0
567:129534432,0
568:129535408,0
569:129536544,0
570:129537488,0
571:129538528,0
572:129539424,0
573:129540368,0
574:129541360,0
575:129541952,0
576:129543856,0
577:129545440,0
578:129546928,0
579:129548704,0
580:129550432,0
581:129551856,0
582:129552832,0
583:129553792,0
584:129554608,0
585:129555296,0
586:129556256,0
587:129556704,0
588:129557376,0
589:129557904,0
590:129558336,0
591:129558592,0
592:129559056,0
593:129559232,0
594:129559344,0
595:129559456,0
596:129559504,0
597:129559536,0
598:129559632,0
599:129559728,0
600:129559824,0
601:129559888,0
602:129559936,0
603:129560032,0
604:129560080,0
605:129560176,0
606:129560288,0
607:129560368,0
608:129560448,0
609:129560528,0
610:129560576,0
611:129560656,0
612:129560848,0
613:129560960,0
614:129561040,0
615:129561120,0
616:129561216,0
617:129561296,0
618:129561360,0
619:129561440,0
620:129561552,0
621:129561712,0
622:129561872,0
623:129561968,0
624:129562064,0
625:129562096,0
626:129562160,0
627:129562224,0
628:129562272,0
629:129562320,0
630:129562368,0
631:129562416,0
632:129562496,0
633:129562624,0
634:129562736,0
635:129562848,0
636:129563024,0
637:129563184,0
638:129563280,0
639:129563472,0
640:129563680,0
641:129563840,0
642:129563984,0
643:129564128~>0
644:129564304~>176
645:129564544~>416
646:129564672~>544
647:129564832~>704
648:129565056~>928
649:129565168~>1040
650:129565392~>1264
651:129565504~>1376
652:129565808~>1680
653:129566144~>2016
654:129566336~>2208
655:129566544~>2416
656:129566736~>2608
657:129566896~>2768
658:129567120~>2992
659:129567280~>3152
660:129567456~>3328
661:129567632~>3504
662:129567840~>3712
663:129568048~>3920
664:129568240~>4112
665:129568416~>4288
666:129568528~>4400
667:129568656~>4528
668:129568880~>4752
669:129568992~>4864
670:129569136~>5008
671:129569376~>5248
672:129569728~>5600
673:129570160~>6032
674:129570592~>6464
675:129570880~>6752
676:129571104~>6976
677:129571360~>7232
678:129571728~>7600
679:129572208~>8080
680:129572560~>8432
681:129572960~>8832
682:129573424~>9296
683:129573664~>9536
684:129573888~>9760
685:129574272~>10144
686:129574432~>10304
687:129574848~>10720
688:129575248~>11120
689:129575584~>11456
690:129575856~>11728
691:129576208~>12080
692:129576640~>12512
693:129576976~>12848
694:129577184~>13056
695:129577472~>13344
696:129577776~>13648
697:129578080~>13952
698:129578448~>14320
699:129578768~>14640
700:129578960~>14832
701:129579328~>15200
702:129579792~>15664
703:129580224~>16096
704:129580832~>16704
705:129581472~>17344
706:129582160~>18032
707:129582800~>18672
708:129583328~>19200
709:129584016~>19888
710:129584608~>20480
711:129585264~>21136
712:129585776~>21648
713:129586288~>22160
714:129586800~>22672
715:129587344~>23216
716:129587904~>23776
717:129588560~>24432
718:129589056~>24928
719:129589536~>25408
720:129589968~>25840
721:129590592~>26464
722:129591232~>27104
723:129591760~>27632
724:129592304~>28176
725:129592880~>28752
726:129593328~>29200
727:129593744~>29616
728:129594080~>29952
729:129594688~>30560
730:129595136~>31008
731:129595520~>31392
732:129595872~>31744
733:129596336~>32208
734:129596800~>32672
735:129597168~>33040
736:129597904~>33776
737:129598176~>34048
738:129598224~>34096
739:129598224~>34096
740:129598224~>34096
741:129598224~>34096
742:129598224~>34096
743:129598224~>34096
744:129598224~>34096
745:129598224~>34096
746:129598224~>34096
747:129598224~>34096
748:129598224~>34096
749:129598224~>34096
750:129598224~>34096
751:129598224~>34096
752:129598224~>34096
753:129598224~>34096
754:129598224~>34096
755:129598224~>34096
756:129598224~>34096
757:129598224~>34096
758:129598224~>34096
759:129598224~>34096
760:129598224~>34096
761:129598224~>34096
762:129598224~>34096
763:129598224~>34096
764:129598224~>34096
765:129598224~>34096
766:129598224~>34096
767:129598224~>34096
768:129598224~>34096
769:129598224~>34096
770:129598224~>34096
771:129598224~>34096
772:129598224~>34096
773:129598224~>34096
774:129598224~>34096
775:129598224~>34096
776:129598224~>34096
777:129598224~>34096
778:129598224~>34096
779:129598224~>34096
780:129598224~>34096
781:129598224~>34096
782:129598224~>34096
783:129598224~>34096
784:129598224~>34096
785:129598224~>34096
786:129598224~>34096
787:129598224~>34096
788:129598224~>34096
789:129598224~>34096
790:129598224~>34096
791:129598224~>34096
792:129598224~>34096
793:129598224~>34096
794:129598224~>34096
795:129598224~>34096
796:129598224~>34096
797:129598224~>34096
798:129598224~>34096
799:129598224~>34096
800:129598224~>34096
801:129598224~>34096
802:129598224~>34096
803:129598224~>34096
804:129598224~>34096
805:129598224~>34096
806:129598224~>34096
807:129598224~>34096
808:129598224~>34096
809:129598224~>34096
810:129598224~>34096
811:129598224~>34096
812:129598224~>34096
813:129598224~>34096
814:129598224~>34096
815:129598224~>34096
816:129598224~>34096
817:129598224~>34096
818:129598224~>34096
819:129598224~>34096
820:129598224~>34096
821:129598224~>34096
822:129598224~>34096
823:129598224~>34096
824:129598224~>34096
825:129598224~>34096
826:129598224~>34096
827:129598224~>34096
828:129598224~>34096
829:129598224~>34096
830:129598224~>34096
831:129598224~>34096
832:129598224~>34096
833:129598224~>34096
834:129598224~>34096
835:129598224~>34096
836:129598224~>34096
837:129598224~>34096
838:129598224~>34096
839:129598224~>34096
840:129598224~>34096
841:129598224~>34096
842:129598224~>34096
843:129598224~>34096
844:129598224~>34096
845:129598224~>34096
846:129598224~>34096
847:129598224~>34096
848:129598224~>34096
849:129598224~>34096
850:129598224~>34096
851:129598224~>34096
852:129598224~>34096
853:129598224~>34096
854:129598224~>34096
855:129598224~>34096
856:129598224~>34096
857:129598224~>34096
858:129598224~>34096
859:129598224~>34096
860:129598224~>34096
861:129598224~>34096
862:129598224~>34096
863:129598224~>34096
864:129598224~>34096
865:129598224~>34096
866:129598224~>34096
867:129598224~>34096
868:129598224~>34096
869:129598224~>34096
870:129598224~>34096
871:129598224~>34096
872:129598224~>34096
873:129598224~>34096
874:129598224~>34096
875:129598224~>34096
876:129598224~>34096
877:129598224~>34096
878:129598224~>34096
879:129598224~>34096
880:129598224~>34096
881:129598224~>34096
882:129598224~>34096
883:129598224~>34096
884:129598224~>34096
885:129598224~>34096
886:129598224~>34096
887:129598224~>34096
888:129598224~>34096
889:129598224~>34096
890:129598224~>34096
891:129598224~>34096
892:129598224~>34096
893:129598224~>34096
894:129598224~>34096
895:129598224~>34096
0.000375,34096,0,
1.000000,1,1.000000,1,1.000000,1,1.000000,1,34096
403.gcc-48B_219,tta: 7605360
0.055051,1,0,
0.050047,1,0.045226,1,0.039185,1,0.028872,1,7605360
410.bwaves-1963B_0,tta: 10980528
0.000000,0,0,
0.000000,0,0.000000,0,0.000000,0,0.000000,0,10980528
410.bwaves-1963B_14,tta: 11766624
0.000000,0,0,
0.000000,0,0.000000,0,0.000000,0,0.000000,0,11766624
410.bwaves-1963B_29,tta: 11768448
0.000000,0,0,
0.000000,0,0.000000,0,0.000000,0,0.000000,0,11768448
410.bwaves-1963B_44,tta: 11765936
0.000000,0,0,
0.000000,0,0.000000,0,0.000000,0,0.000000,0,11765936
410.bwaves-1963B_59,tta: 11765840
0.000000,0,0,
0.000000,0,0.000000,0,0.000000,0,0.000000,0,11765840
410.bwaves-1963B_74,tta: 11768448
0.000000,0,0,
0.000000,0,0.000000,0,0.000000,0,0.000000,0,11768448
410.bwaves-1963B_89,tta: 11766352
0.000000,0,0,
0.000000,0,0.000000,0,0.000000,0,0.000000,0,11766352
410.bwaves-1963B_104,tta: 11766448
0.000000,0,0,
0.000000,0,0.000000,0,0.000000,0,0.000000,0,11766448
410.bwaves-1963B_119,tta: 11762928
0.000000,0,0,
0.000000,0,0.000000,0,0.000000,0,0.000000,0,11762928
410.bwaves-1963B_134,tta: 9725008
0.005684,1,0,
0.004951,1,0.004402,1,0.004097,1,0.003853,36960,9725008
410.bwaves-1963B_148,tta: 2619616
0.103747,1,0,
0.103686,1,0.103259,1,0.098683,1,0.083610,1,2619616
410.bwaves-1963B_161,tta: 11448928
0.023868,1,0,
0.023563,1,0.022709,1,0.021489,1,0.020268,1,11448928
410.bwaves-1963B_176,tta: 12302800
0.044189,1,0,
0.043884,1,0.043640,1,0.043152,1,0.042541,1,12302800
410.bwaves-1963B_191,tta: 12299984
0.044189,1,0,
0.043884,1,0.043640,1,0.043091,1,0.042480,1,12299984
410.bwaves-1963B_206,tta: 12305504
0.044494,1,0,
0.044250,1,0.043945,1,0.043457,1,0.042847,1,12305504
410.bwaves-1963B_221,tta: 12303488
0.044128,1,0,
0.043823,1,0.043579,1,0.043091,1,0.042480,1,12303488
410.bwaves-1963B_236,tta: 12304160
0.044494,1,0,
0.044189,1,0.043884,1,0.043396,1,0.042786,1,12304160
410.bwaves-1963B_251,tta: 12305584
0.044616,1,0,
0.044311,1,0.044006,1,0.043518,1,0.042908,1,12305584
410.bwaves-1963B_266,tta: 12302112
0.044067,1,0,
0.043762,1,0.043518,1,0.043030,1,0.042419,1,12302112
410.bwaves-1963B_281,tta: 12300080
0.044250,1,0,
0.043945,1,0.043701,1,0.043213,1,0.042541,1,12300080
410.bwaves-1963B_296,tta: 12305248
0.044372,1,0,
0.044067,1,0.043823,1,0.043335,1,0.042664,1,12305248
410.bwaves-1963B_311,tta: 12303440
0.044250,1,0,
0.043945,1,0.043701,1,0.043213,1,0.042602,1,12303440
410.bwaves-1963B_326,tta: 12296000
0.044189,1,0,
0.043884,1,0.043640,1,0.043152,1,0.042480,1,12296000
410.bwaves-1963B_341,tta: 2662720
0.184481,1,0,
0.184176,1,0.183993,1,0.183077,1,0.178440,1,2662720
410.bwaves-1963B_355,tta: 3478400
0.119125,1,0,
0.119064,1,0.119003,1,0.118515,1,0.113450,1,3478400
410.bwaves-1963B_368,tta: 1825920
0.304574,1,0,
0.304391,1,0.304025,1,0.299326,1,0.277846,1,1825920
410.bwaves-1963B_382,tta: 5365200
0.103747,1,0,
0.103381,1,0.103015,1,0.101612,1,0.095876,1,5365200
410.bwaves-1963B_395,tta: 12298320
0.045776,1,0,
0.045471,1,0.045226,1,0.044738,1,0.044006,1,12298320
410.bwaves-1963B_410,tta: 12289248
0.045104,1,0,
0.044799,1,0.044555,1,0.044067,1,0.043396,1,12289248
410.bwaves-1963B_425,tta: 12292112
0.045471,1,0,
0.045165,1,0.044921,1,0.044433,1,0.043823,1,12292112
410.bwaves-1963B_440,tta: 12290720
0.045226,1,0,
0.044921,1,0.044677,1,0.044189,1,0.043518,1,12290720
410.bwaves-1963B_455,tta: 12290064
0.045349,1,0,
0.045043,1,0.044799,1,0.044311,1,0.043701,1,12290064
410.bwaves-1963B_470,tta: 12289280
0.045410,1,0,
0.045104,1,0.044860,1,0.044372,1,0.043762,1,12289280
410.bwaves-1963B_485,tta: 12290528
0.045287,1,0,
0.044982,1,0.044738,1,0.044250,1,0.043640,1,12290528
410.bwaves-1963B_500,tta: 12286480
0.045043,1,0,
0.044738,1,0.044494,1,0.044006,1,0.043396,1,12286480
410.bwaves-1963B_515,tta: 12291024
0.045654,1,0,
0.045349,1,0.045104,1,0.044616,1,0.043945,1,12291024
410.bwaves-1963B_530,tta: 12284288
0.045226,1,0,
0.044921,1,0.044616,1,0.044128,1,0.043518,1,12284288
410.bwaves-1963B_545,tta: 12292208
0.045410,1,0,
0.045104,1,0.044860,1,0.044372,1,0.043762,1,12292208
410.bwaves-1963B_560,tta: 9390352
0.059323,1,0,
0.059018,1,0.058774,1,0.0